resource,assetType,optional,exclude,property,shortName,scope,lengthMin,lengthMax,validText,invalidText,invalidCharacters,invalidCharactersStart,invalidCharactersEnd,invalidCharactersConsecutive,regx,staticValues
Microsoft.AnalysisServices/servers,Analysis Services Server,UnitDept,"Org,VmRole", ,assvr,resource group,3,63,Lowercase letters and numbers. Start with lowercase letter.,,,,,,"^[a-z][a-z0-9]{2,62}$",
Microsoft.ApiManagement/service,API Management,UnitDept,"Org,VmRole", ,apims,global,1,50,"Alphanumerics, and hyphens. Start with letter, and end with alphanumeric.",,,,,,"^(?:[a-zA-Z]|[a-zA-Z][a-zA-Z0-9-]{0,48}[a-zA-Z0-9])$",
Microsoft.ApiManagement/service/apis,API Management - API,UnitDept,"Org,VmRole",,apis,service,1,256,,"Asterisk, number sign, ampersand, plus, colon, angle brackets, question mark.",*#&+:<>?,,,,"^[^\*#&\+:<>\\?]{1,256}$",
Microsoft.ApiManagement/service/apis/issues,API Management - API Issue,UnitDept,"Org,VmRole",,apii,api,1,256,,"Asterisk, number sign, ampersand, plus, colon, angle brackets, question mark.",*#&+:<>?,,,,"^[^\*#&\+:<>\?]{1,256}$",
Microsoft.ApiManagement/service/apis/issues/attachments,API Management - API Issue Attachment,UnitDept,"Org,VmRole",,apiia,issue,1,256,,"Asterisk, number sign, ampersand, plus, colon, angle brackets, question mark.",*#&+:<>?,,,,"^[^\*#&\+:<>\?]{1,256}$",
Microsoft.ApiManagement/service/apis/issues/comments,API Management - API Issue Comment,UnitDept,"Org,VmRole",,apiic,issue,1,256,,"Asterisk, number sign, ampersand, plus, colon, angle brackets, question mark.",*#&+:<>?,,,,"^[^\*#&\+:<>\?]{1,256}$",
Microsoft.ApiManagement/service/apis/operations,API Management - API Operation,UnitDept,"Org,VmRole",,apio,api,1,256,,"Asterisk, number sign, ampersand, plus, colon, angle brackets, question mark.",*#&+:<>?,,,,"^[^\*#&\+:<>\?]{1,256}$",
Microsoft.ApiManagement/service/apis/operations/tags,API Management - API Operation Tag,UnitDept,"Org,VmRole",,apiot,operation,1,256,,"Asterisk, number sign, ampersand, plus, colon, angle brackets, question mark.",*#&+:<>?,,,,"^[^\*#&\+:<>\?]{1,256}$",
Microsoft.ApiManagement/service/apis/releases,API Management - API Release,UnitDept,"Org,VmRole",,apir,api,1,80,"Alphanumerics, underscores, and hyphens. Start and end with alphanumeric or underscore.",,,,,,"^(?:[a-zA-Z0-9_]|[a-zA-Z0-9_][a-zA-Z0-9_-]{0,78}[a-zA-Z0-9_])$",
Microsoft.ApiManagement/service/apis/schemas,API Management - API Schema,UnitDept,"Org,VmRole",,apis,api,1,256,,"Asterisk, number sign, ampersand, plus, colon, angle brackets, question mark.",*#&+:<>?,,,,"^[^\*#&\+:<>\?]{1,256}$",
Microsoft.ApiManagement/service/apis/tagDescriptions,API Management - API Tag Description,UnitDept,"Org,VmRole",,apitd,api,1,256,,"Asterisk, number sign, ampersand, plus, colon, angle brackets, question mark.",*#&+:<>?,,,,"^[^\*#&\+:<>\?]{1,256}$",
Microsoft.ApiManagement/service/apis/tags,API Management - API Tag,UnitDept,"Org,VmRole",,apitg,api,1,256,,"Asterisk, number sign, ampersand, plus, colon, angle brackets, question mark.",*#&+:<>?,,,,"^[^\*#&\+:<>\?]{1,256}$",
Microsoft.ApiManagement/service/api-version-sets,API Management - API Version Set,UnitDept,"Org,VmRole",,apivs,service,1,256,,"Asterisk, number sign, ampersand, plus, colon, angle brackets, question mark.",*#&+:<>?,,,,"^[^\*#&\+:<>\?]{1,256}$",
Microsoft.ApiManagement/service/authorizationServers,API Management - Authorization Server,UnitDept,"Org,VmRole",,apias,service,1,256,,"Asterisk, number sign, ampersand, plus, colon, angle brackets, question mark.",*#&+:<>?,,,,"^[^\*#&\+:<>\?]{1,256}$",
Microsoft.ApiManagement/service/backends,API Management - Backend,UnitDept,"Org,VmRole",,apib,service,1,256,,"Asterisk, number sign, ampersand, plus, colon, angle brackets, question mark.",*#&+:<>?,,,,"^[^\*#&\+:<>\?]{1,256}$",
Microsoft.ApiManagement/service/certificates,API Management - Certificate,UnitDept,"Org,VmRole",,apic,service,1,256,,"Asterisk, number sign, ampersand, plus, colon, angle brackets, question mark.",*#&+:<>?,,,,"^[^\*#&\+:<>\?]{1,256}$",
Microsoft.ApiManagement/service/diagnostics,API Management - Diagnostic,UnitDept,"Org,VmRole",,apid,service,1,256,,"Asterisk, number sign, ampersand, plus, colon, angle brackets, question mark.",*#&+:<>?,,,,"^[^\*#&\+:<>\?]{1,256}$",
Microsoft.ApiManagement/service/groups,API Management - Group,UnitDept,"Org,VmRole",,apig,service,1,256,,"Asterisk, number sign, ampersand, plus, colon, angle brackets, question mark.",*#&+:<>?,,,,"^[^\*#&\+:<>\?]{1,256}$",
Microsoft.ApiManagement/service/groups/users,API Management - User,UnitDept,"Org,VmRole",,apigu,group,1,256,,"Asterisk, number sign, ampersand, plus, colon, angle brackets, question mark.",*#&+:<>?,,,,"^[^\*#&\+:<>\?]{1,256}$",
Microsoft.ApiManagement/service/identityProviders,API Management - Identity Provider,UnitDept,"Org,VmRole",,apiip,service,1,256,,"Asterisk, number sign, ampersand, plus, colon, angle brackets, question mark.",*#&+:<>?,,,,"^[^\*#&\+:<>\?]{1,256}$",
Microsoft.ApiManagement/service/loggers,API Management - Logger,UnitDept,"Org,VmRole",,apil,service,1,256,,"Asterisk, number sign, ampersand, plus, colon, angle brackets, question mark.",*#&+:<>?,,,,"^[^\*#&\+:<>\?]{1,256}$",
Microsoft.ApiManagement/service/notifications,API Management - Notification,UnitDept,"Org,VmRole",,apin,service,1,256,,"Asterisk, number sign, ampersand, plus, colon, angle brackets, question mark.",*#&+:<>?,,,,"^[^\*#&\+:<>\?]{1,256}$",
Microsoft.ApiManagement/service/notifications/recipientEmails,API Management - Recipient Email,UnitDept,"Org,VmRole",,recem,notification,1,256,,"Asterisk, number sign, ampersand, plus, colon, angle brackets, question mark.",*#&+:<>?,,,,"^[^\*#&\+:<>\?]{1,256}$",
Microsoft.ApiManagement/service/openidConnectProviders,API Management - OpenID Connect Provider,UnitDept,"Org,VmRole",,apioi,service,1,256,,"Asterisk, number sign, ampersand, plus, colon, angle brackets, question mark.",*#&+:<>?,,,,"^[^\*#&\+:<>\?]{1,256}$",
Microsoft.ApiManagement/service/policies,API Management - Policy,UnitDept,"Org,VmRole",,apipo,service,1,256,,"Asterisk, number sign, ampersand, plus, colon, angle brackets, question mark.",*#&+:<>?,,,,"^[^\*#&\+:<>\?]{1,256}$",
Microsoft.ApiManagement/service/products,API Management - Product,UnitDept,"Org,VmRole",,apipr,service,1,256,,"Asterisk, number sign, ampersand, plus, colon, angle brackets, question mark.",*#&+:<>?,,,,"^[^\*#&\+:<>\?]{1,256}$",
Microsoft.ApiManagement/service/products/apis,API Management - Product API,UnitDept,"Org,VmRole",,api,product,1,256,,"Asterisk, number sign, ampersand, plus, colon, angle brackets, question mark.",*#&+:<>?,,,,"^[^\*#&\+:<>\?]{1,256}$",
Microsoft.ApiManagement/service/products/groups,API Management - Product Group,UnitDept,"Org,VmRole",,grp,product,1,256,,"Asterisk, number sign, ampersand, plus, colon, angle brackets, question mark.",*#&+:<>?,,,,"^[^\*#&\+:<>\?]{1,256}$",
Microsoft.ApiManagement/service/products/tags,API Management - Product Tag,UnitDept,"Org,VmRole",,tags,product,1,256,,"Asterisk, number sign, ampersand, plus, colon, angle brackets, question mark.",*#&+:<>?,,,,"^[^\*#&\+:<>\?]{1,256}$",
Microsoft.ApiManagement/service/properties,API Management - Property,UnitDept,"Org,VmRole",,prop,service,1,256,,"Asterisk, number sign, ampersand, plus, colon, angle brackets, question mark.",*#&+:<>?,,,,"^[^\*#&\+:<>\?]{1,256}$",
Microsoft.ApiManagement/service/subscriptions,API Management - Subscription,UnitDept,"Org,VmRole",,sub,service,1,256,,"Asterisk, number sign, ampersand, plus, colon, angle brackets, question mark.",*#&+:<>?,,,,"^[^\*#&\+:<>\?]{1,256}$",
Microsoft.ApiManagement/service/tags,API Management - Tag,UnitDept,"Org,VmRole",,tags,service,1,256,,"Asterisk, number sign, ampersand, plus, colon, angle brackets, question mark.",*#&+:<>?,,,,"^[^\*#&\+:<>\?]{1,256}$",
Microsoft.ApiManagement/service/templates,API Management - Template,UnitDept,"Org,VmRole",,temp,service,1,256,,"Asterisk, number sign, ampersand, plus, colon, angle brackets, question mark.",*#&+:<>?,,,,"^[^\*#&\+:<>\?]{1,256}$",
Microsoft.ApiManagement/service/users,API Management - User,UnitDept,"Org,VmRole",,user,service,1,256,,"Asterisk, number sign, ampersand, plus, colon, angle brackets, question mark.",*#&+:<>?,,,,"^[^\*#&\+:<>\?]{1,256}$",
Microsoft.AppConfiguration/configurationStores,App Configuration - Configuration Store,UnitDept,"Org,VmRole",,accs,resource group,5,50,"Alphanumerics, underscores, and hyphens.",,,,,,"^[a-zA-Z0-9_-]{5,50}$",
Microsoft.Authorization/locks,Lock,UnitDept,"Org,VmRole",,lock,scope of assignment,1,90,"Alphanumerics, periods, underscores, hyphens, and parenthesis.",Can't end in period,,,.,,"^[a-zA-Z0-9_\.-()]{0,89}[a-zA-Z0-9_-()]$",
Microsoft.Authorization/policyAssignments,Policy Assignment,UnitDept,"Org,VmRole",Display Name,pa,scope of assignment,1,128, ,Can't include percent sign and can't end with period or space.,%,,.  ,,"^(?!.*[\.]$)(?!.* $)[^%]{1,128}$",
Microsoft.Authorization/policyAssignments,Policy Assignment,UnitDept,"Org,VmRole",Resoure Name,pa,scope of assignment,1,64, ,Can't include percent sign and can't end with period or space.,%,,.  ,,"^(?!.*[\.]$)(?!.* $)[^%]{1,64}$",
Microsoft.Authorization/policyAssignments,Policy Assignment,UnitDept,"Org,VmRole",Management Group Resource Name,pa,scope of assignment,1,24, ,Can't include percent sign and can't end with period or space.,%,,.  ,,"^(?!.*[\.]$)(?!.* $)[^%]{1,24}$",
Microsoft.Authorization/policyDefinitions,Policy Definition,UnitDept,"Org,VmRole",Display Name,pd,scope of definition,1,128,Display name can contain any characters.,Can't include percent sign and can't end with period or space.,%,,.  ,,"^(?!.*[\.]$)(?!.* $)[^%]{1,128}$",
Microsoft.Authorization/policyDefinitions,Policy Definition,UnitDept,"Org,VmRole",Resoure Name,pd,scope of definition,1,64,Display name can contain any characters.,Can't include percent sign and can't end with period or space.,%,,.  ,,"^(?!.*[\.]$)(?!.* $)[^%]{1,64}$",
Microsoft.Authorization/policySetDefinitions,Policy Set Definition,UnitDept,"Org,VmRole",Display Name,psd,scope of definition,1,128,Display name can contain any characters.,Can't include percent sign and can't end with period or space.,%,,.  ,,"^(?!.*[\.]$)(?!.* $)[^%]{1,128}$",
Microsoft.Authorization/policySetDefinitions,Policy Set Definition,UnitDept,"Org,VmRole",Resoure Name,psd,scope of definition,1,64,Display name can contain any characters.,Can't include percent sign and can't end with period or space.,%,,.  ,,"^(?!.*[\.]$)(?!.* $)[^%]{1,64}$",
Microsoft.Authorization/policySetDefinitions,Policy Set Definition,UnitDept,"Org,VmRole",Management Group Resource Name,psd,scope of definition,1,24,Display name can contain any characters.,Can't include percent sign and can't end with period or space.,%,,.  ,,"^(?!.*[\.]$)(?!.* $)[^%]{1,24}$",
Microsoft.Automation/automationAccounts,Automation Account,UnitDept,"Org,VmRole",,aa,resource group & region,6,50,Alphanumerics and hyphens. Start with letter. End with alphanumeric.,,,,,,"^[a-zA-Z][a-zA-Z0-9-]{4,48}[a-zA-Z0-9]$",
Microsoft.Automation/automationAccounts/certificates,Automation Account - Certificate,UnitDept,"Org,VmRole",,cert,automation account,1,128,,"Angle brackets, asterisk, percent sign, ampersand, colon, backslash, question mark, period, plus sign, and slash. Can't end with space.",<>*%&:\?.+/,, ,,"^(?:[^ ]|[^<>\*%&:\\\?\.\+\/]{1,127}[^ ])$",
Microsoft.Automation/automationAccounts/connections,Automation Account - Connection,UnitDept,"Org,VmRole",,conn,automation account,1,128, ,"Angle brackets, asterisk, percent sign, ampersand, colon, backslash, question mark, period, plus sign, and slash. Can't end with space.",<>*%&:\?.+/,, ,,"^(?:[^ ]|[^<>\*%&:\\\?\.\+\/]{1,127}[^ ])$",
Microsoft.Automation/automationAccounts/credentials,Automation Account - Credential,UnitDept,"Org,VmRole",,cred,automation account,1,128, ,"Angle brackets, asterisk, percent sign, ampersand, colon, backslash, question mark, period, plus sign, and slash. Can't end with space.",<>*%&:\?.+/,,  ,,"^(?:[^ ]|[^<>\*%&:\\\?\.\+\/]{1,127}[^ ])$",
Microsoft.Automation/automationAccounts/runbooks,Automation Account - Runbook,UnitDept,"Org,VmRole",,runbk,automation account,1,63,"Alphanumerics, underscores, and hyphens. Start with a letter.",,,,,,"^(?:[a-zA-Z]|[a-zA-Z][a-zA-Z0-9_-]{0,62})$",
Microsoft.Automation/automationAccounts/schedules,Automation Account - Schedule,UnitDept,"Org,VmRole",,sched,automation account,1,128, ,"Angle brackets, asterisk, percent sign, ampersand, colon, backslash, question mark, period, plus sign, and slash. Can't end with space.",<>*%&:\?.+/,, ,,"^(?:[^ ]|[^<>\*%&:\\\?\.\+\/]{1,127}[^ ])$",
Microsoft.Automation/automationAccounts/variables,Automation Account - Variable,UnitDept,"Org,VmRole",,var,automation account,1,128,,"Angle brackets, asterisk, percent sign, ampersand, colon, backslash, question mark, period, plus sign, and slash. Can't end with space.",<>*%&:\?.+/,, ,,"^(?:[^ ]|[^<>\*%&:\\\?\.\+\/]{1,127}[^ ])$",
Microsoft.Automation/automationAccounts/watchers,Automation Account - Watcher,UnitDept,"Org,VmRole",,watch,automation account,1,63,"Alphanumerics, underscores, and hyphens. Start with a letter.",,,,,,"^(?:[a-zA-Z]|[a-zA-Z][a-zA-Z0-9_-]{0,62})$",
Microsoft.Automation/automationAccounts/webhooks,Automation Account - Webhook,UnitDept,"Org,VmRole",,wbhk,automation account,1,128,,"Angle brackets, asterisk, percent sign, ampersand, colon, backslash, question mark, period, plus sign, and slash. Can't end with space.",<>*%&:\?.+/,, ,,"^(?:[^ ]|[^<>\*%&:\\\?\.\+\/]{1,127}[^ ])$",
Microsoft.Batch/batchAccounts,Batch Account,UnitDept,"Org,VmRole",,ba,region,3,24,Lowercase letters and numbers.,,,,,,"^[a-z0-9]{3,24}$",
Microsoft.Batch/batchAccounts/applications,Batch Account - Application,UnitDept,"Org,VmRole",,appl,batch account,1,64,"Alphanumerics, underscores, and hyphens.",,,,,,"^[a-zA-Z0-9_-]{1,64}$",
Microsoft.Batch/batchAccounts/certificates,Batch Account - Certificate,UnitDept,"Org,VmRole",,cert,batch account,5,45,"Alphanumerics, underscores, and hyphens.",,,,,,"^[a-zA-Z0-9_-]{5,45}$",
Microsoft.Batch/batchAccounts/pools,Batch Account - Pool,UnitDept,"Org,VmRole",,pool,batch account,1,64,"Alphanumerics, underscores, and hyphens.",,,,,,"^[a-zA-Z0-9_-]{1,64}$",
Microsoft.Blockchain/blockchainMembers,Blockchain Member,UnitDept,"Org,VmRole",,blchm,global,2,20,Lowercase letters and numbers. Start with lowercase letter.,,,,,,"^[a-z][a-z0-9]{2,24}$",
Microsoft.Blueprint/blueprintAssignments,Blueprint Assignment,"Org,UnitDept,Location,Instance",VmRole,,bpas,tenant,1,90,"Letters, numbers, hyphens, and periods.",,,,,,"^[a-zA-Z0-9-.]{1,90}$",
Microsoft.Blueprint/blueprints,Blueprint,"Org,UnitDept,Location,Instance",VmRole,,bp,tenant,1,48,"Letters, numbers, hyphens, and periods.",,,,,,"^[a-zA-Z0-9-.]{1,48}$",
Microsoft.Blueprint/blueprints/artifacts,Blueprint Artifact,"Org,UnitDept,Location,Instance",VmRole,,bpa,tenant,1,48,"Letters, numbers, hyphens, and periods.",,,,,,"^[a-zA-Z0-9-.]{1,48}$",
Microsoft.Blueprint/blueprints/versions,Blueprint Version,"Org,UnitDept,Location,Instance",VmRole,,bpv,tenant,1,20,"Letters, numbers, hyphens, and periods.",,,,,,"^[a-zA-Z0-9-.]{1,20}$",
Microsoft.BotService/botServices,Bot Service,UnitDept,"Org,VmRole",,botsvc,global,2,64,"Alphanumerics, underscores, periods, and hyphens. Start with alphanumeric.",,,,,,"^[a-zA-Z0-9][a-zA-Z0-9_\.-]{1,63}$",
Microsoft.BotService/botServices/channels,Bot Service Channel,UnitDept,"Org,VmRole",,chan,bot service,2,64,"Alphanumerics, underscores, periods, and hyphens. Start with alphanumeric.",,,,,,"^[a-zA-Z0-9][a-zA-Z0-9_\.-]{1,63}$",
Microsoft.BotService/botServices/Connections,Bot Service Connection,UnitDept,"Org,VmRole",,conn,bot service,2,64,"Alphanumerics, underscores, periods, and hyphens. Start with alphanumeric.",,,,,,"^[a-zA-Z0-9][a-zA-Z0-9_\.-]{1,63}$",
Microsoft.BotService/enterpriseChannels,Bot Service Enterprise Channel,UnitDept,"Org,VmRole",,botec,resource group,2,64,"Alphanumerics, underscores, periods, and hyphens. Start with alphanumeric.",,,,,,"^[a-zA-Z0-9][a-zA-Z0-9_\.-]{1,63}$",
Microsoft.Cache/Redis,Redis Cache,UnitDept,"Org,VmRole",,redis,global,1,63,Alphanumerics and hyphens. Start and end with alphanumeric.,Consecutive hyphens not allowed.,,,,-,"^(?!.*-{2}.*)([a-zA-Z0-9]|[a-zA-Z0-9][a-zA-Z0-9-]{0,61}[a-zA-Z0-9])$",
Microsoft.Cache/Redis/firewallRules,Redis Cache Firewall Rule,UnitDept,"Org,VmRole",,rule,Redis,1,256,Alphanumerics,,,,,,"^[a-zA-Z0-9]{1,256}$",
Microsoft.Cdn/profiles,CDN Profile,UnitDept,"Org,VmRole",,cdnp,resource group,1,260,Alphanumerics and hyphens. Start and end with alphanumeric.,,,,,,"^(?:[a-zA-Z0-9]|[a-zA-Z0-9][a-zA-Z0-9-]{0,258}[a-zA-Z0-9])$",
Microsoft.Cdn/profiles/endpoints,CDN Profile Endpoint,UnitDept,"Org,VmRole",,cdnep,global,1,50,Alphanumerics and hyphens. Start and end with alphanumeric.,,,,,,"^(?:[a-zA-Z0-9]|[a-zA-Z0-9][a-zA-Z0-9-]{0,48}[a-zA-Z0-9])$",
Microsoft.CertificateRegistration/certificateOrders,Certificate Registration - Order,UnitDept,"Org,VmRole",,cerco,resource group,3,30,Alphanumerics.,,,,,,"^[a-zA-Z0-9]{3,30}$",
Microsoft.CognitiveServices/accounts,Cognitive Services Account,UnitDept,"Org,VmRole",,coga,resource group,2,64,Alphanumerics and hyphens. Start and end with alphanumeric.,,,,,,"^[a-zA-Z0-9][a-zA-Z0-9-]{0,62}[a-zA-Z0-9]$",
Microsoft.Compute/availabilitySets,Availability Set,"UnitDept,VmRole",Org,,avset,resource group,1,80,"Alphanumerics, underscores, periods, and hyphens. Start with alphanumeric. End with alphanumeric or underscore",,,,,,"^(?:[a-zA-Z0-9]|[a-zA-Z0-9][a-zA-Z0-9_\.-]{0,78}[a-zA-Z0-9_])$",
Microsoft.Compute/cloudServices,Cloud Service,,,,cldsvc,,,,,,,,,,,
Microsoft.Compute/diskEncryptionSets,Disk Encryption Set,UnitDept,"Org,VmRole",,dskes,resource group,1,80,Alphanumerics and underscores.,,,,,,"^[a-zA-Z0-9_]{1,80}$",
Microsoft.Compute/disks,Disk,UnitDept,Org,Data Disk,dsk,resource group,1,80,Alphanumerics and underscores.,,,,,,"^[a-zA-Z0-9_]{1,80}$",
Microsoft.Compute/disks,Disk,UnitDept,Org,OS Disk,osdsk,resource group,1,80,Alphanumerics and underscores.,,,,,,"^[a-zA-Z0-9_]{1,80}$",
Microsoft.Compute/galleries,Compute Gallery,UnitDept,"Org,VmRole",,gal,resource group,1,80,Alphanumerics and periods. Start and end with alphanumeric.,,,,,,"^(?:[a-zA-Z0-9]|[a-zA-Z0-9][a-zA-Z0-9\.]{0,78}[a-zA-Z0-9])$",
Microsoft.Compute/galleries/applications,Compute Gallery Application,UnitDept,"Org,VmRole",,app,gallery,1,80,"Alphanumerics, hyphens, and periods. Start and end with alphanumeric.",,,,,,"^(?:[a-zA-Z0-9]|[a-zA-Z0-9][a-zA-Z0-9-\.]{0,78}[a-zA-Z0-9])$",
Microsoft.Compute/galleries/applications/versions,Compute Gallery Application Version,UnitDept,"Org,VmRole",,apver,application,,,32-bit integer. Numbers and periods.,,,,,,^[0-9]+[\.][0-9]+[\.][0-9]+$,1.0.0
Microsoft.Compute/galleries/images,Compute Gallery Image,UnitDept,"Org,VmRole",,gimg,gallery,1,80,"Alphanumerics, underscores, hyphens, and periods. Start and end with alphanumeric.",,,,,,"^(?:[a-zA-Z0-9]|[a-zA-Z0-9][a-zA-Z0-9_\.-]{0,78}[a-zA-Z0-9])$",
Microsoft.Compute/galleries/images/versions,Compute Gallery Image Version,UnitDept,"Org,VmRole",,,image,,,32-bit integer. Numbers and periods.,,,,,,^[0-9]+[\.][0-9]+[\.][0-9]+$,1.0.0
Microsoft.Compute/images,Image,UnitDept,"Org,VmRole",,img,resource group,1,80,"Alphanumerics, underscores, periods, and hyphens. Start with alphanumeric. End with alphanumeric or underscore",,,,,,"^(?:[a-zA-Z0-9]|[a-zA-Z0-9][a-zA-Z0-9_\.-]{0,78}[a-zA-Z0-9_])$",
Microsoft.Compute/snapshots,Snapshot,UnitDept,Org,,snap,resource group,1,80,"Alphanumerics, underscores, periods, and hyphens. Start with alphanumeric. End with alphanumeric or underscore",,,,,,"^(?:[a-zA-Z0-9]|[a-zA-Z0-9][a-zA-Z0-9_\.-]{0,78}[a-zA-Z0-9_])$",
Microsoft.Compute/virtualMachines,Virtual Machine (Windows),UnitDept,Org,Windows,vm,resource group,1,15, ,"Backslash, slash, double quote, single quote, square brackets, colon, pipe, angle brackets, plus sign, equals sign, semi-colon, comma, question mark, asterisk, at sign, ampersand, and underscore. Can't include space or period. Can't end with hyphen.","\/\'[]:|<>+=;,?*@&_ .\""",,-,,"^(?!.*-$)[^\\\/\\[\\]:|<>\+=;,\?@&_\. \*]{1,15}$",
Microsoft.Compute/virtualMachines,Virtual Machine (Linux),UnitDept,Org,Linux,vm,resource group,1,64, ,"Backslash, slash, double quote, single quote, square brackets, colon, pipe, angle brackets, plus sign, equals sign, semi-colon, comma, question mark, asterisk, at sign, ampersand, and underscore. Can't end with period or hyphen.","\/\'[]:|<>+=;,?*@&_\""",,.-,,"^(?!.*[.]$)(?!.*-$)[^\\\/\\[\\]:|<>\+=;,\?@&_\*]{1,64}$",
Microsoft.Compute/virtualMachineScaleSets,Virtual Machine Scale Set (Windows),UnitDept,Org,Windows,vmss,resource group,1,15,,"Backslash, slash, double quote, single quote, square brackets, colon, pipe, angle brackets, plus sign, equals sign, semi-colon, comma, question mark, asterisk, at sign, and ampersand. Can't use space. Can't start with underscore.  Can't end with period or hyphen.","\/\""'[]:|<>+=;,?*@& ",_,.-,,"^(?!_.*$)(?!.*[-.]$)[^\""\\\/\\[\\]:|<>\+=;,\?@& \*]{1,15}$",
Microsoft.Compute/virtualMachineScaleSets,Virtual Machine Scale Set (Linux),UnitDept,Org,Linux,vmss,resource group,1,64,,"Backslash, slash, double quote, single quote, square brackets, colon, pipe, angle brackets, plus sign, equals sign, semi-colon, comma, question mark, asterisk, at sign, and ampersand. Can't use space. Can't start with underscore.  Can't end with period or hyphen.","\/\""'[]:|<>+=;,?*@& ",_,.-,,"^(?!_.*$)(?!.*[-\.]$)[^\\\/\\[\\]:|<>\+=;,\?@& \*]{1,64}$",
Microsoft.ContainerInstance/containerGroups,Container Instance - Group,UnitDept,"Org,VmRole",,congp,resource group,1,63,"Lowercase letters, numbers, and hyphens.",Can't start or end with hyphen. Consecutive hyphens aren't allowed.,,-,-,-,"^(?!-.*)(?!.*-$)(?!.*-{2}.*)[a-z0-9-]{1,63}$",
Microsoft.ContainerRegistry/registries,Container Registry,UnitDept,"Org,VmRole",,conrg,global,5,50,Alphanumerics.,,,,,,"^[a-zA-Z0-9]{5,50}$",
Microsoft.ContainerRegistry/registries/buildTasks,Container Registry - Build Task,UnitDept,"Org,VmRole",,btsks,registry,5,50,Alphanumerics.,,,,,,"^[a-zA-Z0-9]{5,50}$",
Microsoft.ContainerRegistry/registries/buildTasks/steps,Container Registry - Build Task Step,UnitDept,"Org,VmRole",,steps,build task,5,50,Alphanumerics.,,,,,,"^[a-zA-Z0-9]{5,50}$",
Microsoft.ContainerRegistry/registries/replications,Container Registry - Replication,UnitDept,"Org,VmRole",,rep,registry,5,50,Alphanumerics.,,,,,,"^[a-zA-Z0-9]{5,50}$",
Microsoft.ContainerRegistry/registries/scopeMaps,Container Registry - Scope Map,UnitDept,"Org,VmRole",,scmap,registry,5,50,"Alphanumerics, hyphens, and underscores.",,,,,,"^[a-zA-Z0-9_-]{5,50}$",
Microsoft.ContainerRegistry/registries/tasks,Container Registry - Task,UnitDept,"Org,VmRole",,tasks,registry,5,50,"Alphanumerics, hyphens, and underscores.",,,,,,"^[a-zA-Z0-9_-]{5,50}$",
Microsoft.ContainerRegistry/registries/tokens,Container Registry - Token,UnitDept,"Org,VmRole",,tokn,registry,5,50,"Alphanumerics, hyphens, and underscores.",,,,,,"^[a-zA-Z0-9_-]{5,50}$",
Microsoft.ContainerRegistry/registries/webhooks,Container Registry - Webhook,UnitDept,"Org,VmRole",,webhk,registry,5,50,Alphanumerics.,,,,,,"^[a-zA-Z0-9]{5,50}$",
Microsoft.ContainerService/managedClusters,Container Service Managed Cluster,UnitDept,"Org,VmRole",,aks,resource group,1,63,"Alphanumerics, underscores, and hyphens. Start and end with alphanumeric.",,,,,,"^(?:[a-zA-Z0-9]|[a-zA-Z0-9][a-zA-Z0-9_-]{0,61}[a-zA-Z0-9])$",
Microsoft.ContainerServiceopenShiftManagedClusters,Container Service Open Shift Managed Cluster,UnitDept,"Org,VmRole",,osmc,resource group,1,30,Alphanumerics.,,,,,,"^[a-zA-Z0-9]{1,30}$",
Microsoft.CustomerInsights/hubs,Customer Insight,UnitDept,"Org,VmRole",,cihub,resource group,1,64,Alphanumerics. Start with letter.,,,,,,"^[a-zA-Z][a-zA-Z0-9]{0,63}$",
Microsoft.CustomerInsights/hubs/authorizationPolicies,Customer Insight - Authorization Policy,UnitDept,"Org,VmRole",,authp,hub,1,50,"Alphanumerics, underscores, and periods. Start and end with alphnumeric.",,,,,,"^(?:[a-zA-Z0-9]|[a-zA-Z0-9][a-zA-Z0-9_-]{0,48}[a-zA-Z0-9])$",
Microsoft.CustomerInsights/hubs/connectors,Customer Insight - Connector,UnitDept,"Org,VmRole",,conn,hub,1,128,Alphanumerics and underscores. Start with letter.,,,,,,"^[a-zA-Z][a-zA-Z0-9_]{0,127}$",
Microsoft.CustomerInsights/hubs/connectors/mappings,Customer Insight - Connector Mapping,UnitDept,"Org,VmRole",,map,connector,1,128,Alphanumerics and underscores. Start with letter.,,,,,,"^[a-zA-Z][a-zA-Z0-9_]{0,127}$",
Microsoft.CustomerInsights/hubs/interactions,Customer Insight - Interaction,UnitDept,"Org,VmRole",,int,hub,1,128,Alphanumerics and underscores. Start with letter.,,,,,,"^[a-zA-Z][a-zA-Z0-9_]{0,127}$",
Microsoft.CustomerInsights/hubs/kpi,Customer Insight - KPI,UnitDept,"Org,VmRole",,kpi,hub,1,512,Alphanumerics and underscores. Start with letter.,,,,,,"^[a-zA-Z][a-zA-Z0-9_]{0,511}$",
Microsoft.CustomerInsights/hubs/links,Customer Insight - Link,UnitDept,"Org,VmRole",,link,hub,1,512,Alphanumerics and underscores. Start with letter.,,,,,,"^[a-zA-Z][a-zA-Z0-9_]{0,511}$",
Microsoft.CustomerInsights/hubs/predictions,Customer Insight - Prediction,UnitDept,"Org,VmRole",,pred,hub,1,512,Alphanumerics and underscores. Start with letter.,,,,,,"^[a-zA-Z][a-zA-Z0-9_]{0,511}$",
Microsoft.CustomerInsights/hubs/profiles,Customer Insight - Profile,UnitDept,"Org,VmRole",,prof,hub,1,128,Alphanumerics and underscores. Start with letter.,,,,,,"^[a-zA-Z][a-zA-Z0-9_]{0,127}$",
Microsoft.CustomerInsights/hubs/relationshipLinks,Customer Insight - Relationship Link,UnitDept,"Org,VmRole",,rlink,hub,1,512,Alphanumerics and underscores. Start with letter.,,,,,,"^[a-zA-Z][a-zA-Z0-9_]{0,511}$",
Microsoft.CustomerInsights/hubs/relationships,Customer Insight - Relationship,UnitDept,"Org,VmRole",,rel,hub,1,512,Alphanumerics and underscores. Start with letter.,,,,,,"^[a-zA-Z][a-zA-Z0-9_]{0,511}$",
Microsoft.CustomerInsights/hubs/roleAssignments,Customer Insight - Role Assignment,UnitDept,"Org,VmRole",,role,hub,1,128,Alphanumerics and underscores. Start with letter.,,,,,,"^[a-zA-Z][a-zA-Z0-9_]{0,127}$",
Microsoft.CustomerInsights/hubs/views,Customer Insight - View,UnitDept,"Org,VmRole",,views,hub,1,512,Alphanumerics and underscores. Start with letter.,,,,,,"^[a-zA-Z][a-zA-Z0-9_]{0,511}$",
Microsoft.CustomProviders/associations,Custom Provider - Association,UnitDept,"Org,VmRole",,cpass,resource group,1,180, ,"Percent sign, ampersand, backslash, question mark, slash. Can't end with period or space.",%&\?/,,,. ,"^(?:[^%&\\\?\/\. ]|[^%&\\\?\/]{1,179}[^. ])$",
Microsoft.CustomProviders/resourceProviders,Custom Provider - Resource Provider,UnitDept,"Org,VmRole",,cprep,resource group,3,64, ,"Percent sign, ampersand, backslash, question mark, slash. Can't end with period or space.",%&\?/,,,. ,"^[^%&\\\?\/]{3,63}[^. ]$",
Microsoft.DataBox/jobs,Data Box - Job,UnitDept,"Org,VmRole",,dbjob,resource group,3,24,"Alphanumerics, hyphens, underscores and periods.",,,,,,"^[a-zA-Z0-9_\.-]{3,24}$",
Microsoft.Databricks/workspaces,Databricks Workspae,UnitDept,"Org,VmRole",,dbws,resource group,3,30,"Alphanumerics, underscores, and hyphens",,,,,,"^[a-zA-Z0-9_-]{3,30}$",
Microsoft.DataFactory/factories,Data Factory,UnitDept,"Org,VmRole",,adf,global,3,63,Alphanumerics and hyphens. Start and end with alphanumeric.,,,,,,"^[a-zA-Z0-9][a-zA-Z0-9-]{1,61}[a-zA-Z0-9]$",
Microsoft.DataFactory/factories/dataflows,Data Factory Data Flow,UnitDept,"Org,VmRole",,flows,factory,1,260,Start with alphanumeric.,"Angle brackets, asterisk, number sign, period, percent sign, ampersand, colon, backslash, question mark, plus sign, and slash",<>*#.%&:\+?/,,,,"^[a-zA-Z0-9][^<>\*#\.%&:\\\+\?\/]{0,259}$",
Microsoft.DataFactory/factories/datasets,Data Factory Data Set,UnitDept,"Org,VmRole",,dsets,factory,1,260,Start with alphanumeric.,"Angle brackets, asterisk, number sign, period, percent sign, ampersand, colon, backslash, question mark, plus sign, and slash",<>*#.%&:\+?/,,,,"^[a-zA-Z0-9][^<>\*#\.%&:\\\+\?\/]{0,259}$",
Microsoft.DataFactory/factories/integrationRuntimes,Data Factory Integration Runtime,UnitDept,"Org,VmRole",,run,factory,3,63,Alphanumerics and hyphens. Start and end with alphanumeric.,,,,,,"^[a-zA-Z0-9][a-zA-Z0-9-]{1,61}[a-zA-Z0-9]$",
Microsoft.DataFactory/factories/linkedservices,Data Factory Linked Service,UnitDept,"Org,VmRole",,lksvc,factory,1,260,Start with alphanumeric.,"Angle brackets, asterisk, number sign, period, percent sign, ampersand, colon, backslash, question mark, plus sign, and slash",<>*#.%&:\+?/,,,,"^[a-zA-Z0-9][^<>\*#\.%&:\\\+\?\/]{0,259}$",
Microsoft.DataFactory/factories/pipelines,Data Factory Pipeline,UnitDept,"Org,VmRole",,pipe,factory,1,260,Start with alphanumeric.,"Angle brackets, asterisk, number sign, period, percent sign, ampersand, colon, backslash, question mark, plus sign, and slash",<>*#.%&:\+?/,,,,"^[a-zA-Z0-9][^<>\*#\.%&:\\\+\?\/]{0,259}$",
Microsoft.DataFactory/factories/triggers,Data Factory Trigger,UnitDept,"Org,VmRole",,trig,factory,1,260,Start with alphanumeric.,"Angle brackets, asterisk, number sign, period, percent sign, ampersand, colon, backslash, question mark, plus sign, and slash",<>*#.%&:\+?/,,,,"^[a-zA-Z0-9][^<>\*#\.%&:\\\+\?\/]{0,259}$",
Microsoft.DataFactory/factories/triggers/rerunTriggers,Data Factory Rerun Trigger,UnitDept,"Org,VmRole",,rerun,trigger,1,260,Start with alphanumeric.,"Angle brackets, asterisk, number sign, period, percent sign, ampersand, colon, backslash, question mark, plus sign, and slash",<>*#.%&:\+?/,,,,"^[a-zA-Z0-9][^<>\*#\.%&:\\\+\?\/]{0,259}$",
Microsoft.DataLakeAnalytics/accounts,Data Lake Analytics Account,UnitDept,"Org,VmRole",,dlaac,global,3,24,Lowercase letters and numbers.,,,,,,"^[a-z0-9]{3,24}$",
Microsoft.DataLakeAnalytics/accounts/computePolicies,Data Lake Analytics Compute Policy,UnitDept,"Org,VmRole",,cmpol,account,3,60,"Alphanumerics, hyphens, and underscores.",,,,,,"^[a-zA-Z0-9_-]{3,60}$",
Microsoft.DataLakeAnalytics/accounts/dataLakeStoreAccounts,Data Lake Analytics Store Account,UnitDept,"Org,VmRole",,dlsta,account,3,24,Lowercase letters and numbers.,,,,,,"^[a-z0-9]{3,24}$",
Microsoft.DataLakeAnalytics/accounts/firewallRules,Data Lake Analytics Firewall Rule,UnitDept,"Org,VmRole",,fwrul,account,3,50,"Alphanumerics, hyphens, and underscores.",,,,,,"^[a-zA-Z0-9_-]{3,50}$",
Microsoft.DataLakeAnalytics/accounts/storageAccounts,Data Lake Analytics Storage Account,UnitDept,"Org,VmRole",,sa,account,3,60,"Alphanumerics, hyphens, and underscores.",,,,,,"^[a-zA-Z0-9_-]{3,60}$",
Microsoft.DataLakeStore/accounts,Data Lake Store Account,UnitDept,"Org,VmRole",,dlsa,global,3,24,Lowercase letters and numbers.,,,,,,"^[a-z0-9]{3,24}$",
Microsoft.DataLakeStore/accounts/firewallRules,Data Lake Store Firewall Rule,UnitDept,"Org,VmRole",,frule,account,3,50,"Alphanumerics, hyphens, and underscores.",,,,,,"^[a-zA-Z0-9_-]{3,50}$",
Microsoft.DataLakeStore/accounts/virtualNetworkRules,Data Lake Store Virtual Network Rule,UnitDept,"Org,VmRole",,vrule,account,3,50,"Alphanumerics, hyphens, and underscores.",,,,,,"^[a-zA-Z0-9_-]{3,50}$",
Microsoft.DataMigration/services,Data Migration,UnitDept,"Org,VmRole",,dms,resource group,2,62,"Alphanumerics, hyphens, periods, and underscores. Start with alphanumeric",,,,,,"^[a-zA-Z0-9][a-zA-Z0-9_\.-]{1,61}$",
Microsoft.DataMigration/services/projects,Data Migration Project,UnitDept,"Org,VmRole",,proj,service,2,57,"Alphanumerics, hyphens, periods, and underscores.",,,,,,"^[a-zA-Z0-9_-\.]{2,57}$",
Microsoft.DBforMariaDB/servers,DB for Maria DB Server,UnitDept,"Org,VmRole",,mdbsv,global,3,63,"Lowercase letters, hyphens and numbers.",Can't start or end with hyphen.,,-,-,,"^(?!-.*)(?!.*-$)[a-z0-9-]{3,63}$",
Microsoft.DBforMariaDB/servers/databases,DB for Maria DB Database,UnitDept,"Org,VmRole",,mdbdb,servers,1,63,Alphanumerics and hyphens.,,,,,,"^[a-zA-Z0-9-]{1,63}$",
Microsoft.DBforMariaDB/servers/firewallRules,DB for Maria DB Firewall Rule,UnitDept,"Org,VmRole",,fwrul,servers,1,128,"Alphanumerics, hyphens, and underscores.",,,,,,"^[a-zA-Z0-9_-]{1,128}$",
Microsoft.DBforMariaDB/servers/virtualNetworkRules,DB for Maria DB Virtual Network Rule,UnitDept,"Org,VmRole",,vnetr,servers,1,128,Alphanumerics and hyphens.,,,,,,"^[a-zA-Z0-9-]{1,128}$",
Microsoft.DBforMySQL/servers,DB for MySQL Server,UnitDept,"Org,VmRole",,mysql,global,3,63,"Lowercase letters, hyphens and numbers.",Can't start or end with hyphen.,,-,-,,"^(?!-.*)(?!.*-$)[a-z0-9-]{3,63}$",
Microsoft.DBforMySQL/servers/databases,DB for MySQL Database,UnitDept,"Org,VmRole",,db,servers,1,63,Alphanumerics and hyphens.,,,,,,"^[a-zA-Z0-9-]{1,63}$",
Microsoft.DBforMySQL/servers/firewallRules,DB for MySQL Firewall Rule,UnitDept,"Org,VmRole",,frule,servers,1,128,"Alphanumerics, hyphens, and underscores.",,,,,,"^[a-zA-Z0-9_-]{1,128}$",
Microsoft.DBforMySQL/servers/virtualNetworkRules,DB for MySQL Virtual Network Rule,UnitDept,"Org,VmRole",,vrule,servers,1,128,Alphanumerics and hyphens.,,,,,,"^[a-zA-Z0-9-]{1,128}$",
Microsoft.DBforPostgreSQL/servers,DB for Postgre SQL Server,UnitDept,"Org,VmRole",,psql,global,3,63,"Lowercase letters, hyphens and numbers.",Can't start or end with hyphen.,,-,-,,"^(?!-.*)(?!.*-$)[a-z0-9-]{3,63}$",
Microsoft.DBforPostgreSQL/servers/databases,DB for Postgre SQL Database,UnitDept,"Org,VmRole",,db,servers,1,63,Alphanumerics and hyphens.,,,,,,"^[a-zA-Z0-9-]{1,63}$",
Microsoft.DBforPostgreSQL/servers/firewallRules,DB for Postgre SQL Firewall Rule,UnitDept,"Org,VmRole",,fwrul,servers,1,128,"Alphanumerics, hyphens, and underscores.",,,,,,"^[a-zA-Z0-9_-]{1,128}$",
Microsoft.DBforPostgreSQL/servers/virtualNetworkRules,DB for Postgre SQL Virtual Network Rule,UnitDept,"Org,VmRole",,vnetr,servers,1,128,Alphanumerics and hyphens.,,,,,,"^[a-zA-Z0-9-]{1,128}$",
Microsoft.Devices/IotHubs,IoT Hub,UnitDept,"Org,VmRole",,iot,global,3,50,Alphanumerics and hyphens.,Can't end with hyphen.,,,-,,"^(?!.*-$)[a-zA-Z0-9-]{3,50}$",
Microsoft.Devices/IotHubs/certificates,IoT Hub Certificate,UnitDept,"Org,VmRole",,cert,IoT hub,1,64,"Alphanumerics, hyphens, periods, and underscores.",,,,,,"^[a-zA-Z0-9_-\.]{1,64}$",
Microsoft.Devices/IotHubs/eventHubEndpoints/ConsumerGroups,IoT Hub Consumer Group,UnitDept,"Org,VmRole",,congp,eventHubEndpoints,1,50,"Alphanumerics, hyphens, periods, and underscores.",,,,,,"^[a-zA-Z0-9_-\.]{1,50}$",
Microsoft.Devices/provisioningServices,Device Provisioning Service,UnitDept,"Org,VmRole",,provs,resource group,3,64,Alphanumerics and hyphens. End with alphanumeric,,,,,,"^(?:[a-zA-Z0-9-]{2,63}[a-zA-Z0-9])$",
Microsoft.Devices/provisioningServices/certificates,Device Provisioning Service Certificate,UnitDept,"Org,VmRole",,cert,provisioningServices,1,64,"Alphanumerics, hyphens, periods, and underscores.",,,,,,"^[a-zA-Z0-9_-\.]{1,64}$",
Microsoft.DevTestLab/labs,Dev Test Lab,UnitDept,"Org,VmRole",,dtlab,resource group,1,50,"Alphanumerics, underscores, and hyphens.",,,,,,"^[a-zA-Z0-9_-]{1,50}$",
Microsoft.DevTestLab/labs/customimages,Dev Test Lab Custom Image,UnitDept,"Org,VmRole",,img,lab,1,80,"Alphanumerics, underscores, hyphens, and parentheses.",,,,,,"^[a-zA-Z0-9_-()]{1,80}$",
Microsoft.DevTestLab/labs/formulas,Dev Test Lab Formula,UnitDept,"Org,VmRole",,form,lab,1,80,"Alphanumerics, underscores, hyphens, and parentheses.",,,,,,"^[a-zA-Z0-9_-()]{1,80}$",
Microsoft.DevTestLab/labs/virtualmachines,Dev Test Lab Virtual Machine (Windows),UnitDept,Org,Windows,vm,lab,1,15,Alphanumerics and hyphens. Start and end with alphanumeric.,Can't be all numbers.,,,,,"^(?![0-9]+$)([a-zA-Z0-9]|[a-zA-Z0-9][a-zA-Z0-9-]{0,62}[a-zA-Z0-9])$",
Microsoft.DevTestLab/labs/virtualmachines,Dev Test Lab Virtual Machine (Linux),UnitDept,Org,Linux,vm,lab,1,64,Alphanumerics and hyphens. Start and end with alphanumeric.,Can't be all numbers.,,,,,"^(?![0-9]+$)([a-zA-Z0-9]|[a-zA-Z0-9][a-zA-Z0-9-]{0,13}[a-zA-Z0-9])$",
Microsoft.DocumentDB/databaseAccounts,Document DB Account,UnitDept,"Org,VmRole",,dbact,global,3,44,"Lowercase letters, numbers, and hyphens. Start with lowercase letter or number.",,,,,,"^[a-z0-9][a-z0-9-]{2,43}$",
"Microsoft.""DocumentDB/databaseAccounts/sqlDatabases	""",Document DB SQL Database,,,,cosdb,,,,,,,,,,,
Microsoft.EventGrid/domains,Event Grid Domain,UnitDept,"Org,VmRole",,evgd,resource group,3,50,Alphanumerics and hyphens.,,,,,,"^[a-zA-Z0-9-]{3,50}$",
Microsoft.EventGrid/domains/topics,Event Grid Domain Topic,UnitDept,"Org,VmRole",,egdt,domain,3,50,Alphanumerics and hyphens.,,,,,,"^[a-zA-Z0-9-]{3,50}$",
Microsoft.EventGrid/eventSubscriptions,Event Grid Event Subscription,UnitDept,"Org,VmRole",,egesu,resource group,3,64,Alphanumerics and hyphens.,,,,,,"^[a-zA-Z0-9-]{3,64}$",
Microsoft.EventGrid/topics,Event Grid Topic,UnitDept,"Org,VmRole",,egtp,resource group,3,50,Alphanumerics and hyphens.,,,,,,"^[a-zA-Z0-9-]{3,50}$",
Microsoft.EventHub/clusters,Event Hub Cluster,UnitDept,"Org,VmRole",,evhcl,resource group,1,50,Alphanumerics and hyphens. Start with letter.  End with letter or number.,,,,,,"^(?:[a-zA-Z]|[a-zA-Z][a-zA-Z0-9-]{0,48}[a-zA-Z0-9])$",
Microsoft.EventHub/namespaces,Event Hub Namespace,UnitDept,"Org,VmRole",,evhns,global,1,50,Alphanumerics and hyphens. Start with letter.  End with letter or number.,,,,,,"^(?:[a-zA-Z]|[a-zA-Z][a-zA-Z0-9-]{0,48}[a-zA-Z0-9])$",
Microsoft.EventHub/namespaces/AuthorizationRules,Event Hub Namespace Authorization Rule,UnitDept,"Org,VmRole",,rule,namespace,1,50,"Alphanumerics, periods, hyphens and underscores. Start and end with letter or number.",,,,,,"^(?:[a-zA-Z0-9]|[a-zA-Z0-9][a-zA-Z0-9_\.-]{0,48}[a-zA-Z0-9])$",
Microsoft.EventHub/namespaces/disasterRecoveryConfigs,Event Hub Namespace Disaster Recovery Config,UnitDept,"Org,VmRole",,drcfg,namespace,1,50,"Alphanumerics, periods, hyphens and underscores. Start and end with letter or number.",,,,,,"^(?:[a-zA-Z0-9]|[a-zA-Z0-9][a-zA-Z0-9_\.-]{0,48}[a-zA-Z0-9])$",
Microsoft.EventHub/namespaces/eventhubs,Event Hub Namespace Event Hub,UnitDept,"Org,VmRole",,evh,namespace,1,50,"Alphanumerics, periods, hyphens and underscores. Start and end with letter or number.",,,,,,"^(?:[a-zA-Z0-9]|[a-zA-Z0-9][a-zA-Z0-9_\.-]{0,48}[a-zA-Z0-9])$",
Microsoft.EventHub/namespaces/eventhubs/authorizationRules,Event Hub Namespace Event Hub Authorization Rule,UnitDept,"Org,VmRole",,rule,event hub,1,50,"Alphanumerics, periods, hyphens and underscores. Start and end with letter or number.",,,,,,"^(?:[a-zA-Z0-9]|[a-zA-Z0-9][a-zA-Z0-9_\.-]{0,48}[a-zA-Z0-9])$",
Microsoft.EventHub/namespaces/eventhubs/consumergroups,Event Hub Namespace Event Hub Consumer Group,UnitDept,"Org,VmRole",,cgrp,event hub,1,50,"Alphanumerics, periods, hyphens and underscores. Start and end with letter or number.",,,,,,"^(?:[a-zA-Z0-9]|[a-zA-Z0-9][a-zA-Z0-9_\.-]{0,48}[a-zA-Z0-9])$",
Microsoft.HDInsight/clusters,HD Insight Cluster (Hadoop),UnitDept,"Org,VmRole",Hadoop Cluster,hadoop,global,3,59,Alphanumerics and hyphens. Start and end with letter or number,,,,,,"^[a-zA-Z][a-zA-Z0-9-]{1,57}[a-zA-Z0-9]$",
Microsoft.HDInsight/clusters,HD Insight Cluster (HBase),UnitDept,"Org,VmRole",HBase Cluster,hbase,global,3,59,Alphanumerics and hyphens. Start and end with letter or number,,,,,,"^[a-zA-Z][a-zA-Z0-9-]{1,57}[a-zA-Z0-9]$",
Microsoft.HDInsight/clusters,HD Insight Cluster (Kafka),UnitDept,"Org,VmRole",Kafka Cluster,kafka,global,3,59,Alphanumerics and hyphens. Start and end with letter or number,,,,,,"^[a-zA-Z][a-zA-Z0-9-]{1,57}[a-zA-Z0-9]$",
Microsoft.HDInsight/clusters,HD Insight Cluster (Spark),UnitDept,"Org,VmRole",Spark Cluster,mls,global,3,59,Alphanumerics and hyphens. Start and end with letter or number,,,,,,"^[a-zA-Z][a-zA-Z0-9-]{1,57}[a-zA-Z0-9]$",
Microsoft.HDInsight/clusters,HD Insight Cluster (Storm),UnitDept,"Org,VmRole",Storm Cluster,spark,global,3,59,Alphanumerics and hyphens. Start and end with letter or number,,,,,,"^[a-zA-Z][a-zA-Z0-9-]{1,57}[a-zA-Z0-9]$",
Microsoft.HDInsight/clusters,HD Insight Cluster (ML Services),UnitDept,"Org,VmRole",ML Services Cluster,storm,global,3,59,Alphanumerics and hyphens. Start and end with letter or number,,,,,,"^[a-zA-Z][a-zA-Z0-9-]{1,57}[a-zA-Z0-9]$",
Microsoft.HybridCompute/machines,Hybrid Compute Machine,,,,arcm,,,,,,,,,,,
Microsoft.ImportExport/jobs,Import Export Job,UnitDept,"Org,VmRole",,iejob,resource group,2,64,Alphanumerics and hyphens. Start with letter.   ,,,,,,"^[a-zA-Z][a-zA-Z0-9-]{1,63}$",
Microsoft.Insights/actionGroups,Insights Action Group,UnitDept,"Org,VmRole",,inag,resource group,1,260,,"Slash, ampersand, percent sign, backslash, and question mark. Can't end with space or period.",/&%\?,,. ,,"^(?!.*[\.]$)(?!.* $)[^\/&%\\\?]{1,260}$",
Microsoft.Insights/activityLogAlerts,Insignts Activity Log Alert,UnitDept,"Org,VmRole",,inala,resource group,1,260,,"Angle brackets, asterisk, percent sign, curly brackets, ampersand, colon, backslash, question mark, plus sign, slash, and number sign. Can't end with space or period.",<>*%{}&:\?+/#,,. ,,"^(?!.*[\.]$)(?!.* $)[^<>\*%{}&:\\\?\+\/#]{1,260}$",
Microsoft.Insights/components,Insights Component,UnitDept,"Org,VmRole",,incom,resource group,1,260,,"Percent sign, ampersand, backslash, question mark, and slash. Can't end with space or period.",%&\?/,,. ,,"^(?!.*[\.]$)(?!.* $)[^%&\\\?\/]{1,260}$",
Microsoft.Insights/metricAlerts,Insights Metric Alert,UnitDept,"Org,VmRole",,inma,resource group,1,260,,"Asterisk, number sign, ampersand, plus sign, colon, angle brackets, question mark, at sign, percent sign, curly brackets, backslash, and slash. Can't end with space or period.",*#&+:<>?@%{}\/,,. ,,"^(?!.*[\.]$)(?!.* $)[^\*#&\+:<>\?@%{}\\\/]{1,260}$",
Microsoft.Insights/scheduledQueryRules,Insights Scheduled Query Rules,UnitDept,"Org,VmRole",,insqr,resource group,1,260,,"Asterisk, angle brackets, percent sign, curly brackets, ampersand, colon backslash, question mark, slash, and number sign. Can't end with space or period.",*<>%{}&:\?/#,,. ,,"^(?!.*[\.]$)(?!.* $)[^\*<>%{}&:\\\?\/#]{1,260}$",
Microsoft.IoTCentral/IoTApps,IoT Central Application,UnitDept,"Org,VmRole",,iotapp,global,2,63,"Lowercase letters, numbers and hyphens. Start with lowercase letter or number",,,,,,"^[a-z0-9][a-z0-9-]{1,62}$",
Microsoft.KeyVault/vaults,Key Vault,UnitDept,"Org,VmRole",,kv,global,1,127,Alphanumerics and hyphens. Start with letter. End with letter or number.,Can't contain consecutive hyphens.,,,,-,"^(?!.*-{2}.*)([a-zA-Z]|[a-zA-Z][a-zA-Z0-9-]{0,125}[a-zA-Z0-9])$",
Microsoft.KeyVault/vaults/secrets,Key Vault Secret,UnitDept,"Org,VmRole",,kvs,Vault,1,127,Alphanumerics and hyphens.,,,,,,"^[a-zA-Z0-9-]{1,127}$",
Microsoft.Kubernetes/connectedClusters,Kubernetes Connected Cluster,,,,kubcc,,,,,,,,,,,
Microsoft.Kusto/clusters,Kusto Cluster,UnitDept,"Org,VmRole",,kucl,global,4,22,Lowercase letters and numbers. Start with letter.,,,,,,"^[a-z][a-z0-9]{3,21}$",
Microsoft.Kusto/clusters/databases,Kusto Database,UnitDept,"Org,VmRole",,kcdb,cluster,1,260,"Alphanumerics, hyphens, spaces, and periods.",,,,,,"^[a-zA-Z0-9-\. ]{1,260}$",
Microsoft.Kusto/clusters/databases/dataConnections,Kusto Data Connection,UnitDept,"Org,VmRole",,dcon,database,1,40,"Alphanumerics, hyphens, spaces, and periods.",,,,,,"^[a-zA-Z0-9-\. ]{1,40}$",
Microsoft.Kusto/clusters/databases/eventhubconnections,Kusto Event Hub Connection,UnitDept,"Org,VmRole",,ehcon,database,1,40,"Alphanumerics, hyphens, spaces, and periods.",,,,,,"^[a-zA-Z0-9-\. ]{1,40}$",
Microsoft.Logic/integrationAccounts,Logic Integration Account,UnitDept,"Org,VmRole",,liact,resource group,1,80,"Alphanumerics, hyphens, underscores, periods, and parenthesis.",,,,,,"^[a-zA-Z0-9_\.()-]{1,80}$",
Microsoft.Logic/integrationAccounts/assemblies,Logic Assembly,UnitDept,"Org,VmRole",,assem,integration account,1,80,"Alphanumerics, hyphens, underscores, periods, and parenthesis.",,,,,,"^[a-zA-Z0-9_-\.()]{1,80}$",
Microsoft.Logic/integrationAccounts/batchConfigurations,Logic Batch Configuration,UnitDept,"Org,VmRole",,bconf,integration account,1,20,Alphanumerics.,,,,,,"^[a-zA-Z0-9]{1,20}$",
Microsoft.Logic/integrationAccounts/certificates,Logic Certificate,UnitDept,"Org,VmRole",,cert,integration account,1,80,"Alphanumerics, hyphens, underscores, periods, and parenthesis.",,,,,,"^[a-zA-Z0-9_-\.()]{1,80}$",
Microsoft.Logic/integrationAccounts/maps,Logic Map,UnitDept,"Org,VmRole",,map,integration account,1,80,"Alphanumerics, hyphens, underscores, periods, and parenthesis.",,,,,,"^[a-zA-Z0-9_-\.()]{1,80}$",
Microsoft.Logic/integrationAccounts/partners,Logic Partner,UnitDept,"Org,VmRole",,part,integration account,1,80,"Alphanumerics, hyphens, underscores, periods, and parenthesis.",,,,,,"^[a-zA-Z0-9_-\.()]{1,80}$",
Microsoft.Logic/integrationAccounts/rosettanetprocessconfigurations,Logic Rosetta Net Process Configuration,UnitDept,"Org,VmRole",,rpcnf,integration account,1,80,"Alphanumerics, hyphens, underscores, periods, and parenthesis.",,,,,,"^[a-zA-Z0-9_-\.()]{1,80}$",
Microsoft.Logic/integrationAccounts/schemas,Logic Schema,UnitDept,"Org,VmRole",,schem,integration account,1,80,"Alphanumerics, hyphens, underscores, periods, and parenthesis.",,,,,,"^[a-zA-Z0-9_-\.()]{1,80}$",
Microsoft.Logic/integrationAccounts/sessions,Logic Session,UnitDept,"Org,VmRole",,sess,integration account,1,80,"Alphanumerics, hyphens, underscores, periods, and parenthesis.",,,,,,"^[a-zA-Z0-9_-\.()]{1,80}$",
Microsoft.Logic/integrationServiceEnvironments,Logic Integration Service Environment,UnitDept,"Org,VmRole",,lise,resource group,1,80,"Alphanumerics, hyphens, periods, and underscores.",,,,,,"^[a-zA-Z0-9_\.-]{1,80}$",
Microsoft.Logic/integrationServiceEnvironments/managedApis,Logic Integration Service Environment Managed API,UnitDept,"Org,VmRole",,mapis,integration service environment,1,80,"Alphanumerics, hyphens, periods, and underscores.",,,,,,"^[a-zA-Z0-9_-\.]{1,80}$",
Microsoft.Logic/workflows,Logic Workflow,UnitDept,"Org,VmRole",,lwf,resource group,1,80,"Alphanumerics, hyphens, underscores, periods, and parenthesis.",,,,,,"^[a-zA-Z0-9_\.()-]{1,80}$",
Microsoft.MachineLearning/commitmentPlans,Machine Learning Commiment Plan,UnitDept,"Org,VmRole",,mlcp,resource group,1,260, ,"Angle brackets, asterisk, percent sign, ampersand, colon, backslash, question mark, plus sign, and slash. Can't end with a space.",<>*%&:?+\/\\,, ,,"^(?!.* $)[^<>\*%&:\+\\\/\?]{1,260}$",
Microsoft.MachineLearning/webServices,Machine Learning Web Service,UnitDept,"Org,VmRole",,mlweb,resource group,1,260, ,"Angle brackets, asterisk, percent sign, ampersand, colon, backslash, question mark, plus sign, and slash. Can't end with a space.",<>*%&:?+\/\\,, ,,"^(?!.* $)[^<>\*%&:\+\\\/\?]{1,260}$",
Microsoft.MachineLearning/workspaces,Machine Learning Workspace,UnitDept,"Org,VmRole",,mlws,resource group,1,260, ,"Angle brackets, asterisk, percent sign, ampersand, colon, backslash, question mark, plus sign, and slash. Can't end with a space.",<>*%&:?+\/\\,, ,,"^(?!.* $)[^<>\*%&:\+\\\/\?]{1,260}$",
Microsoft.MachineLearningServices/workspaces,Machine Learning Service Workspace,UnitDept,"Org,VmRole",,mlsw,resource group,3,33,Alphanumerics and hyphens.,,,,,,"^[a-zA-Z0-9-]{3,33}$",
Microsoft.MachineLearningServices/workspaces/computes,Machine Learning Service Workspace Compute,UnitDept,"Org,VmRole",,mlswc,workspace,2,16,Alphanumerics and hyphens.,,,,,,"^[a-zA-Z0-9-]{2,16}$",
Microsoft.ManagedIdentity/userAssignedIdentities,User Assigned Managed Identity,UnitDept,"Org,VmRole",,miuai,resource group,3,128,"Alphanumerics, hyphens, and underscores.  Start with letter or number.",,,,,,"^[a-zA-Z0-9][a-zA-Z0-9_-]{2,127}$",
Microsoft.Management/managementGroups,Management Group,"Org,UnitDept,ProjAppSvc,Environment","VmRole,Instance,Location",,mg,tenant,,,,,,,,,,
Microsoft.Maps/accounts,Map Account,UnitDept,"Org,VmRole",,macc,resource group,1,98,"Alphanumerics, underscores, periods, and hyphens. Start with alphanumeric.",,,,,,"^[a-zA-Z0-9][a-zA-Z0-9_\.-]{0,97}$",
Microsoft.Media/mediaservices,Media Service,UnitDept,"Org,VmRole",,mms,resource group,3,24,Lowercase letters and numbers.,,,,,,"^[a-z0-9]{3,24}$",
Microsoft.Media/mediaservices/liveEvents,Media Service Live Event,UnitDept,"Org,VmRole",,lievt,Media service,1,32,Alphanumerics and hyphens. Start with alphanumeric.,,,,,,"^[a-zA-Z0-9][a-zA-Z0-9-]{0,31}$",
Microsoft.Media/mediaservices/liveEvents/liveOutputs,Media Service Live Event Live Output,UnitDept,"Org,VmRole",,liout,Live event,1,256,Alphanumerics and hyphens. Start with alphanumeric.,,,,,,"^[a-zA-Z0-9][a-zA-Z0-9-]{0,255}$",
Microsoft.Media/mediaservices/streamingEndpoints,Media Service Streaming Endpoint,UnitDept,"Org,VmRole",,strep,Media service,1,256,Alphanumerics and hyphens.,,,,,,"^[a-zA-Z0-9-]{1,256}$",
Microsoft.Migrate/assessmentProjects,Migrate Assesment Project,,,,migap,,,,,,,,,,,
Microsoft.Network/applicationGateways,Application Gateway,UnitDept,"Org,VmRole",,agw,resource group,1,24,"Alphanumerics, underscores, periods, and hyphens. Start with alphanumeric. End with alphanumeric or underscore.",,,,,,"^(?:[a-zA-Z0-9]|[a-zA-Z0-9][a-zA-Z0-9_\.-]{0,22}[a-zA-Z0-9_])$",
Microsoft.Network/applicationSecurityGroups,Application Security Group,UnitDept,"Org,VmRole",,asg,resource group,1,80,"Alphanumerics, underscores, periods, and hyphens. Start with alphanumeric. End with alphanumeric or underscore.",,,,,,"^(?:[a-zA-Z0-9]|[a-zA-Z0-9][a-zA-Z0-9_\.-]{0,78}[a-zA-Z0-9_])$",
Microsoft.Network/azureFirewalls,Azure Firewall,UnitDept,"Org,VmRole",,afw,resource group,1,80,"Alphanumerics, underscores, periods, and hyphens. Start with alphanumeric. End with alphanumeric or underscore.",,,,,,"^(?:[a-zA-Z0-9]|[a-zA-Z0-9][a-zA-Z0-9_\.-]{0,78}[a-zA-Z0-9_])$",
Microsoft.Network/bastionHosts,Bastion,UnitDept,"Org,VmRole",,bst,resource group,1,80,"Alphanumerics, underscores, periods, and hyphens. Start with alphanumeric. End with alphanumeric or underscore.",,,,,,"^(?:[a-zA-Z0-9]|[a-zA-Z0-9][a-zA-Z0-9_\.-]{0,78}[a-zA-Z0-9_])$",
Microsoft.Network/connections,Connection,UnitDept,"Org,VmRole",,conn,resource group,1,80,"Alphanumerics, underscores, periods, and hyphens. Start with alphanumeric. End with alphanumeric or underscore.",,,,,,"^(?:[a-zA-Z0-9]|[a-zA-Z0-9][a-zA-Z0-9_\.-]{0,78}[a-zA-Z0-9_])$",
Microsoft.Network/dnsZones,DNS Zone,UnitDept,"Org,VmRole",,dnsz,resource group,1,63,"Each label can contain alphanumerics, underscores, and hyphens. Each label is a set of characters separated by a period. For example, contoso.com has 2 labels. 2 to 34 labels.",,,,,,"^(?:[a-zA-Z0-9_-]+[\.]){1,33}[a-zA-Z0-9_-]+$",us.contoso.net
Microsoft.Network/expressRouteCircuits,Express Route Circuit,UnitDept,"Org,VmRole",,exrc,resource group,1,80,"Alphanumerics, underscores, periods, and hyphens. Start with alphanumeric. End alphanumeric or underscore.",,,,,,"^(?:[a-zA-Z0-9]|[a-zA-Z0-9][a-zA-Z0-9_\.-]{0,78}[a-zA-Z0-9_])$",
Microsoft.Network/firewallPolicies,Firewall Policy,UnitDept,"Org,VmRole",,waf,resource group,1,80,"Alphanumerics, underscores, periods, and hyphens. Start with alphanumeric. End alphanumeric or underscore.",,,,,,"^(?:[a-zA-Z0-9]|[a-zA-Z0-9][a-zA-Z0-9_\.-]{0,78}[a-zA-Z0-9_])$",
Microsoft.Network/firewallPolicies/ruleGroups,Firewall Policy - Rule Group,UnitDept,"Org,VmRole",,wafrg,firewall policy,1,80,"Alphanumerics, underscores, periods, and hyphens. Start with alphanumeric. End alphanumeric or underscore.",,,,,,"^(?:[a-zA-Z0-9]|[a-zA-Z0-9][a-zA-Z0-9_\.-]{0,78}[a-zA-Z0-9_])$",
Microsoft.Network/frontDoors,Front Door,UnitDept,"Org,VmRole",,fd,global,3,64,Alphanumerics and hyphens. Start and end with alphanumeric.,,,,,,"^[a-zA-Z0-9][a-zA-Z0-9-]{1,62}[a-zA-Z0-9]$",
Microsoft.Network/frontdoorWebApplicationFirewallPolicies,Front Door Web Application Firewall Policy,UnitDept,"Org,VmRole",,fdwfp,resource group,1,128,Alphanumerics. Start with letter.,,,,,,"^(?:[a-zA-Z]|[a-zA-Z][a-zA-Z0-9]{0,127})$",
Microsoft.Network/loadBalancers,Load Balancer (External),UnitDept,"Org,VmRole",external,lbe,resource group,1,80,"Alphanumerics, underscores, periods, and hyphens. Start with alphanumeric. End alphanumeric or underscore.",,,,,,"^(?:[a-zA-Z0-9]|[a-zA-Z0-9][a-zA-Z0-9_\.-]{0,78}[a-zA-Z0-9_])$",
Microsoft.Network/loadBalancers,Load Balancer (Internal),UnitDept,"Org,VmRole",internal,lbi,resource group,1,80,"Alphanumerics, underscores, periods, and hyphens. Start with alphanumeric. End alphanumeric or underscore.",,,,,,"^(?:[a-zA-Z0-9]|[a-zA-Z0-9][a-zA-Z0-9_\.-]{0,78}[a-zA-Z0-9_])$",
Microsoft.Network/loadBalancers/inboundNatRules,Load Balancer - Inbound NAT Rule,UnitDept,"Org,VmRole",,inatr,load balancer,1,80,"Alphanumerics, underscores, periods, and hyphens. Start with alphanumeric. End alphanumeric or underscore.",,,,,,"^(?:[a-zA-Z0-9]|[a-zA-Z0-9][a-zA-Z0-9_\.-]{0,78}[a-zA-Z0-9_])$",
Microsoft.Network/localNetworkGateways,Local Network Gateway,UnitDept,"Org,VmRole",,lngw,resource group,1,80,"Alphanumerics, underscores, periods, and hyphens. Start with alphanumeric. End alphanumeric or underscore.",,,,,,"^(?:[a-zA-Z0-9]|[a-zA-Z0-9][a-zA-Z0-9_\.-]{0,78}[a-zA-Z0-9_])$",
Microsoft.Network/networkInterfaces,Network Interface,"UnitDept,VmRole",Org,,nic,resource group,1,80,"Alphanumerics, underscores, periods, and hyphens. Start with alphanumeric. End alphanumeric or underscore.",,,,,,"^(?:[a-zA-Z0-9]|[a-zA-Z0-9][a-zA-Z0-9_\.-]{0,78}[a-zA-Z0-9_])$",
Microsoft.Network/networkSecurityGroups,Network Security Group,"UnitDept,VmRole",Org,,nsg,resource group,1,80,"Alphanumerics, underscores, periods, and hyphens. Start with alphanumeric. End alphanumeric or underscore.",,,,,,"^(?:[a-zA-Z0-9]|[a-zA-Z0-9][a-zA-Z0-9_\.-]{0,78}[a-zA-Z0-9_])$",
Microsoft.Network/networkSecurityGroups/securityRules,Network Security Group - Security Rule,UnitDept,"Org,VmRole",,nsgsr,network security group,1,80,"Alphanumerics, underscores, periods, and hyphens. Start with alphanumeric. End alphanumeric or underscore.",,,,,,"^(?:[a-zA-Z0-9]|[a-zA-Z0-9][a-zA-Z0-9_\.-]{0,78}[a-zA-Z0-9_])$","AllowDnsTcpInbound,DenyFtpAnyOutbound"
Microsoft.Network/networkWatchers,Network Watcher,UnitDept,"Org,VmRole",,nw,resource group,1,80,"Alphanumerics, underscores, periods, and hyphens. Start with alphanumeric. End alphanumeric or underscore.",,,,,,"^(?:[a-zA-Z0-9]|[a-zA-Z0-9][a-zA-Z0-9_\.-]{0,78}[a-zA-Z0-9_])$",
Microsoft.Network/privateDnsZones,Private DNS Zone,UnitDept,"Org,VmRole",,pdnsz,resource group,1,63,"Each label can contain alphanumerics, underscores, and hyphens. Each label is a set of characters separated by a period.  For example, contoso.com has 2 labels. 2 to 34 labels.",,,,,,"^(?:[a-zA-Z0-9_-]+\.){1,33}[a-zA-Z0-9_-]+$",privatelink.file.core.windows.net
Microsoft.Network/privateDnsZones/virtualNetworkLinks,Private DNS Zone - Virtual Network Link,UnitDept,"Org,VmRole",,pdnsv,private DNS zone,1,80,"Alphanumerics, underscores, periods, and hyphens.",,,,,,"^[a-zA-Z0-9_\.-]{1,80}$",
Microsoft.Network/privateLinkServices,Private Link Service,,,,pls,,,,,,,,,,,
Microsoft.Network/publicIPAddresses,Public IP Address,"UnitDept,VmRole",Org,,pip,resource group,1,80,"Alphanumerics, underscores, periods, and hyphens. Start with alphanumeric. End alphanumeric or underscore.",,,,,,"^(?:[a-zA-Z0-9]|[a-zA-Z0-9][a-zA-Z0-9_\.-]{0,78}[a-zA-Z0-9_])$",
Microsoft.Network/publicIPPrefixes,Public IP Prefix,,,,pippfx,,,,,,,,,,,
Microsoft.Network/routeFilters,Route Filter,UnitDept,"Org,VmRole",,nrf,resource group,1,80,"Alphanumerics, underscores, periods, and hyphens.",,,,,,"^[a-zA-Z0-9_\.-]{1,80}$",
Microsoft.Network/routeFilters/routeFilterRules,Route Filter - Rule,UnitDept,"Org,VmRole",,nrfrr,route filter,1,80,"Alphanumerics, underscores, periods, and hyphens. Start with alphanumeric. End alphanumeric or underscore.",,,,,,"^(?:[a-zA-Z0-9]|[a-zA-Z0-9][a-zA-Z0-9_\.-]{0,78}[a-zA-Z0-9_])$",
Microsoft.Network/routeTables,Route Table,,,,rtb,,,,,,,,,,,
Microsoft.Network/routeTables/routes,Route Table - Route,UnitDept,"Org,VmRole",,route,route table,1,80,"Alphanumerics, underscores, periods, and hyphens.",,,,,,"^[a-zA-Z0-9_\.-]{1,80}$",
Microsoft.Network/serviceEndpointPolicies,Service Endpoint Policy,UnitDept,"Org,VmRole",,nsept,resource group,1,80,"Alphanumerics, underscores, periods, and hyphens. Start with alphanumeric. End alphanumeric or underscore.",,,,,,"^(?:[a-zA-Z0-9]|[a-zA-Z0-9][a-zA-Z0-9_\.-]{0,78}[a-zA-Z0-9_])$",
Microsoft.Network/trafficManagerProfiles,Traffice Manager Profile,,,,ntmp,,,,,,,,,,,
Microsoft.Network/virtualNetworkGateways,Virtual Network Gateway,UnitDept,"Org,VmRole",,vnetg,resource group,1,80,"Alphanumerics, underscores, periods, and hyphens.",,,,,,"^[a-zA-Z0-9_\.-]{1,80}$",
Microsoft.Network/virtualNetworks,Virtual Network,UnitDept,"Org,VmRole",,vnet,resource group,2,64,"Alphanumerics, underscores, periods, and hyphens.  Start with alphanumeric. End alphanumeric or underscore.",,,,,,"^(?:[a-zA-Z0-9]|[a-zA-Z0-9][a-zA-Z0-9_\.-]{0,78}[a-zA-Z0-9_])$",
Microsoft.Network/virtualnetworks/subnets,Subnet,UnitDept,"Org,VmRole",,vnets,virtual network,1,80,"Alphanumerics, underscores, periods, and hyphens.  Start with alphanumeric. End alphanumeric or underscore.",,,,,,"^(?:[a-zA-Z0-9]|[a-zA-Z0-9][a-zA-Z0-9_\.-]{0,78}[a-zA-Z0-9_])$",
Microsoft.Network/virtualNetworks/virtualNetworkPeerings,Virtual Network Peering,UnitDept,"Org,VmRole",,vnetp,virtual network,1,80,"Alphanumerics, underscores, periods, and hyphens.  Start with alphanumeric. End alphanumeric or underscore.",,,,,,"^(?:[a-zA-Z0-9]|[a-zA-Z0-9][a-zA-Z0-9_\.-]{0,78}[a-zA-Z0-9_])$",
Microsoft.Network/virtualWans,Virtual WAN,UnitDept,"Org,VmRole",,vwan,resource group,1,80,"Alphanumerics, underscores, periods, and hyphens.  Start with alphanumeric. End alphanumeric or underscore.",,,,,,"^(?:[a-zA-Z0-9]|[a-zA-Z0-9][a-zA-Z0-9_\.-]{0,78}[a-zA-Z0-9_])$",
Microsoft.Network/vpnGateways,VPN Gateway,UnitDept,"Org,VmRole",,vpng,resource group,1,80,"Alphanumerics, underscores, periods, and hyphens.  Start with alphanumeric. End alphanumeric or underscore.",,,,,,"^(?:[a-zA-Z0-9]|[a-zA-Z0-9][a-zA-Z0-9_\.-]{0,78}[a-zA-Z0-9_])$",
Microsoft.Network/vpnGateways/vpnConnections,VPN Gateway - Connection,UnitDept,"Org,VmRole",,vpnc,VPN gateway,1,80,"Alphanumerics, underscores, periods, and hyphens.  Start with alphanumeric. End alphanumeric or underscore.",,,,,,"^(?:[a-zA-Z0-9]|[a-zA-Z0-9][a-zA-Z0-9_\.-]{0,78}[a-zA-Z0-9_])$",
Microsoft.Network/vpnSites,VPN Site,UnitDept,"Org,VmRole",,vpnsite,resource group,1,80,"Alphanumerics, underscores, periods, and hyphens. Start with alphanumeric. End alphanumeric or underscore.",,,,,,"^[a-zA-Z0-9_\.-]{1,80}$",
Microsoft.NotificationHubs/namespaces,Notification Hubs Namespace,UnitDept,"Org,VmRole",,nhns,global,6,50,Alphanumerics and hyphens. Start with letter. End with alphanumeric.,,,,,,"^[a-zA-Z0-9-]{6,50}$",
Microsoft.NotificationHubs/namespaces/AuthorizationRules,Notification Hubs Namespace Authorization Rule,UnitDept,"Org,VmRole",,nrule,namespace,1,256,"Alphanumerics, periods, hyphens, and underscores. Start alphanumeric.",,,,,,"^[a-zA-Z0-9_\.-]{1,256}$",
Microsoft.NotificationHubs/namespaces/notificationHubs,Notification Hubs Namespace Hub,UnitDept,"Org,VmRole",,nhub,namespace,1,260,"Alphanumerics, periods, hyphens, and underscores. Start alphanumeric.",,,,,,"^[a-zA-Z0-9_\.-]{1,260}$",
Microsoft.NotificationHubs/namespaces/notificationHubs/AuthorizationRules,Notification Hub Namespace Authorization Rule,UnitDept,"Org,VmRole",,nhrule,notification hub,1,256,"Alphanumerics, periods, hyphens, and underscores.",,,,,,"^[a-zA-Z0-9_\.-]{1,256}$",
Microsoft.OperationalInsights/clusters,Operational Insights Cluster,UnitDept,"Org,VmRole",,opic,resource group,4,63,Alphanumerics and hyphens. Start and end with alphanumeric.,,,,,,"^[a-zA-Z0-9-]{4,63}$",
Microsoft.OperationalInsights/workspaces,Operational Insights Workspace,UnitDept,"Org,VmRole",,opiw,global,4,63,Alphanumerics and hyphens. Start and end with alphanumeric.,,,,,,"^[a-zA-Z0-9-]{4,63}$",
Microsoft.OperationsManagement/solutions,Operations Management Solution,UnitDept,"Org,VmRole",,,workspace,,,"For solutions authored by Microsoft, the name must be in the pattern: SolutionType(WorkspaceName). For solutions authored by third parties, the name must be in the pattern: SolutionType[WorkspaceName]. For example, a valid name is: AntiMalware(contoso-IT). The solution type is case-sensitive.",,,,,,^[a-zA-Z]+[(][a-zA-Z-]+[)]$,AntiMalware(contoso-IT)
Microsoft.Portal/dashboards,Dashboard,UnitDept,"Org,VmRole",,pdash,resource group,3,160,Alphanumerics and hyphens.,,,,,,"^[a-zA-Z0-9-]{3,160}$",
Microsoft.PowerBI/workspaceCollections,PowerBI Workspace Collection,UnitDept,"Org,VmRole",,pbiwc,region,3,63,Alphanumerics and hyphens. ,Can't start with hyphen. Can't use consecutive hyphens.,,-,,-,"^(?!-.*)(?!.*-{2}.*)[a-zA-Z0-9][a-zA-Z0-9-]{2,62}$",
Microsoft.PowerBIDedicated/capacities,PowerBi Dedicated Capacity,UnitDept,"Org,VmRole",,pbidc,region,3,63,Lowercase letters or numbers Start with lowercase letter.  Start with lowercase letter.,,,,,,"^[a-z][a-z0-9-]{1,61}[a-z0-9]$",
Microsoft.Purview/accounts,Purview Account,,,,pva,,,,,,,,,,,
Microsoft.RecoveryServices/vaults,Recovery Services Vault,UnitDept,"Org,VmRole",,rsv ,resource group,2,50,Alphanumerics and hyphens. Start with letter.,,,,,,"^[a-zA-Z][a-zA-Z0-9-]{1,49}$",
Microsoft.RecoveryServices/vaults/backupPolicies,Recovery Services Backup Policy,UnitDept,"Org,VmRole",,rsvbp,vault,3,150,Alphanumerics and hyphens. Start with letter.  ,Can't end with hyphen,,,-,,"^(?!.*-$)[a-zA-Z][a-zA-Z0-9-]{2,149}$",
Microsoft.Relay/namespaces,Relay Namespace,UnitDept,"Org,VmRole",,rns,global,6,50,Alphanumerics and hyphens. Start with letter or number.,,,,,,"^[a-zA-Z0-9][a-zA-Z0-9-]{5,49}$",
Microsoft.Relay/namespaces/AuthorizationRules,Relay Authorization Rule,UnitDept,"Org,VmRole",,rule,namespace,1,50,"Alphanumerics, periods, hyphens and underscores. Start and end with alphanumeric.",,,,,,"^(?:[a-zA-Z0-9]|[a-zA-Z0-9][a-zA-Z0-9_\.-]{0,48}[a-zA-Z0-9])$",
Microsoft.Relay/namespaces/HybridConnections,Relay Hybrid Connection,UnitDept,"Org,VmRole",,hycon,namespace,1,260,"Alphanumerics, periods, hyphens, underscores, and slashes. Start and end with alphanumeric.",,,,,,"^(?:[a-zA-Z0-9]|[a-zA-Z0-9][a-zA-Z0-9_\.-\/]{0,258}[a-zA-Z0-9])$",
Microsoft.Relay/namespaces/HybridConnections/authorizationRules,Relay Hybrid Connection Authorization Rule,UnitDept,"Org,VmRole",,rule,hybrid connection,1,50,"Alphanumerics, periods, hyphens and underscores. Start and end with alphanumeric.",,,,,,"^(?:[a-zA-Z0-9]|[a-zA-Z0-9][a-zA-Z0-9_\.-]{0,48}[a-zA-Z0-9])$",
Microsoft.Relay/namespaces/WcfRelays,Relay WCF Relay,UnitDept,"Org,VmRole",,wcfr,namespace,1,260,"Alphanumerics, periods, hyphens, underscores, and slashes. Start and end with alphanumeric.",,,,,,"^(?:[a-zA-Z0-9]|[a-zA-Z0-9][a-zA-Z0-9_\.-\/]{0,258}[a-zA-Z0-9])$",
Microsoft.Relay/namespaces/WcfRelays/authorizationRules,Relay WCF Relay Authorization Rule,UnitDept,"Org,VmRole",,wcfra,Wcf relay,1,50,"Alphanumerics, periods, hyphens and underscores. Start and end with alphanumeric.",,,,,,"^(?:[a-zA-Z0-9]|[a-zA-Z0-9][a-zA-Z0-9_\.-]{0,48}[a-zA-Z0-9])$",
Microsoft.Resources/resourcegroups,Resource Group,UnitDept,"Org,VmRole",,rg,subscription,1,90,"Alphanumerics, underscores, parentheses, hyphens, periods, and unicode characters that match the regex documentation.",Can't end with period.,,,.,,"^(?!.*[\.]$)[a-zA-Z0-9_\.()-]{1,90}$",
Microsoft.Resources/tagNames,Tag Name,UnitDept,"Org,VmRole",,,resource,1,512, ,"Angle brackets, percent sign, ampersand, backslash, question mark, and slash.",<>%&\?/,,,,"^[^<>%&\\\?\/]{1,512}$",
Microsoft.Resources/tagNames/tagValues,Tag Value,UnitDept,"Org,VmRole",,,tag name,1,256,All characters.,,,,,,"^.{1,256}$",
Microsoft.Resources/templateSpecs,Template Spec,UnitDept,"Org,VmRole",,tspec,resource group,1,90,"Alphanumerics, underscores, parentheses, hyphens, and periods.",,,,,,"^[a-zA-Z0-9_\.()-]{1,90}$",
Microsoft.Search/searchServices,Search Service,,,,ssvc,,,,,,,,,,,
Microsoft.ServiceBus/namespaces,Service Bus,UnitDept,"Org,VmRole",,sbn,global,6,50,Alphanumerics and hyphens. Start with letter. End with alphanumeric.,,,,,,"^[a-zA-Z][a-zA-Z0-9-]{4,48}[a-zA-Z0-9]$",
Microsoft.ServiceBus/namespaces/AuthorizationRules,Service Bus Authorization Rule,UnitDept,"Org,VmRole",,rule,namespace,1,50,"Alphanumerics, periods, hyphens, and underscores. Start and end with alphnumeric.",,,,,,"^(?:[a-zA-Z0-9]|[a-zA-Z0-9][a-zA-Z0-9_\.-]{0,48}[a-zA-Z0-9])$",
Microsoft.ServiceBus/namespaces/disasterRecoveryConfigs,Service Bus Disaster Recovery Config,UnitDept,"Org,VmRole",,sbndc,global,6,50,Alphanumerics and hyphens. Start with letter. End with alphanumeric.,,,,,,"^[a-zA-Z][a-zA-Z0-9-]{4,48}[a-zA-Z0-9]$",
Microsoft.ServiceBus/namespaces/migrationConfigurations,Service Bus Migration Configuration,UnitDept,"Org,VmRole",,migc,namespace,,,Should always be $default.,,,,,,/$default/,$default
Microsoft.ServiceBus/namespaces/queues,Service Bus Queue,UnitDept,"Org,VmRole",,que,namespace,1,260,"Alphanumerics, periods, hyphens, underscores, and slashes. Start and end with alphnumeric.",,,,,,"^(?:[a-zA-Z0-9]|[a-zA-Z0-9][a-zA-Z0-9_\.-\\\/]{0,258}[a-zA-Z0-9])$",
Microsoft.ServiceBus/namespaces/queues/authorizationRules,Service Bus Queue Authorization Rule,UnitDept,"Org,VmRole",,rule,queue,1,50,"Alphanumerics, periods, hyphens, and underscores. Start and end with alphnumeric.",,,,,,"^(?:[a-zA-Z0-9]|[a-zA-Z0-9][a-zA-Z0-9_\.-]{0,48}[a-zA-Z0-9])$",
Microsoft.ServiceBus/namespaces/topics,Service Bus Topic,UnitDept,"Org,VmRole",,topic,namespace,1,260,"Alphanumerics, periods, hyphens, underscores, and slashes. Start and end with alphnumeric.",,,,,,"^(?:[a-zA-Z0-9]|[a-zA-Z0-9][a-zA-Z0-9_\.-\\\/]{0,258}[a-zA-Z0-9])$",
Microsoft.ServiceBus/namespaces/topics/authorizationRules,Service Bus Topic Authorization Rule,UnitDept,"Org,VmRole",,trule,topic,1,50,"Alphanumerics, periods, hyphens, and underscores. Start and end with alphnumeric.",,,,,,"^(?:[a-zA-Z0-9]|[a-zA-Z0-9][a-zA-Z0-9_\.-]{0,48}[a-zA-Z0-9])$",
Microsoft.ServiceBus/namespaces/topics/subscriptions,Service Bus Topic Subscription,UnitDept,"Org,VmRole",,tsub,topic,1,50,"Alphanumerics, periods, hyphens, and underscores. Start and end with alphnumeric.",,,,,,"^(?:[a-zA-Z0-9]|[a-zA-Z0-9][a-zA-Z0-9_\.-]{0,48}[a-zA-Z0-9])$",
Microsoft.ServiceBus/namespaces/topics/subscriptions/rules,Service Bus Topic Subscription Rule,UnitDept,"Org,VmRole",,sbtsr,subscription,1,50,"Alphanumerics, periods, hyphens, and underscores. Start and end with alphnumeric.",,,,,,"^(?:[a-zA-Z0-9]|[a-zA-Z0-9][a-zA-Z0-9_\.-]{0,48}[a-zA-Z0-9])$",
Microsoft.ServiceFabric/clusters,Service Fabric Cluster,UnitDept,"Org,VmRole",,sfc,region,4,23,"Lowercase letters, numbers, and hyphens. Start with lowercase letter.  End with lowercase letter or number",,,,,,"^[a-z][a-z0-9-]{2,21}[a-z0-9]$",
Microsoft.SignalRService/signalR,Signal IR Service,UnitDept,"Org,VmRole",,sssr,global,3,63,Alphanumerics and hyphens. Start with letter. End with alphanumeric.,,,,,,"^[a-zA-Z][a-zA-Z0-9-]{1,61}[a-zA-Z0-9]$",
Microsoft.Sql/managedInstances,SQL Managed Instance,UnitDept,"Org,VmRole",,sqlmi,global,1,63,"Lowercase letters, numbers, and hyphens.",Can't start or end with hyphen.,,-,-,,"^(?!-.*)(?!.*-$)[a-z0-9-]{1,63}$",
Microsoft.Sql/servers,SQL Database Server,UnitDept,"Org,VmRole",Azure SQL Database Server,sqlds,global,1,63,"Lowercase letters, numbers, and hyphens.",Can't start or end with hyphen.,,-,-,,"^(?!-.*)(?!.*-$)[a-z0-9-]{1,63}$",
Microsoft.Sql/servers,SQL Data Warehouse,UnitDept,"Org,VmRole",Azure SQL Data Warehouse,sqldw,global,1,63,"Lowercase letters, numbers, and hyphens.",Can't start or end with hyphen.,,-,-,,"^(?!-.*)(?!.*-$)[a-z0-9-]{1,63}$",
Microsoft.Sql/servers/administrators,SQL Administrator,UnitDept,"Org,VmRole",,,server,,,Must be ActiveDirectory.,,,,,,/ActiveDirectory/,ActiveDirectory
Microsoft.Sql/servers/databases,SQL Database,UnitDept,"Org,VmRole",,sqldb,server,1,128, ,"Angle brackets, asterisk, percent sign, ampersand, colon, backslash, slash, and question mark. Can't end with period or space.",<>*%&:\/?,,. ,,"^(?!.*[\.]$)(?!.* $)[^<>\*%&:\\\/\?]{1,128}$",
Microsoft.Sql/servers/databases/syncGroups,SQL Database Sync Group,UnitDept,"Org,VmRole",,sqlsg,database,1,150,"Alphanumerics, hyphens, and underscores.",,,,,,"^[a-zA-Z0-9_-]{1,150}$",
Microsoft.Sql/servers/elasticPools,SQL Elastic Pool,UnitDept,"Org,VmRole",,sqlep,server,1,128, ,"Angle brackets, asterisk, percent sign, ampersand, colon, backslash, slash, and question mark. Can't end with period or space.",<>*%&:\/?,,. ,,"^(?!.*[\.]$)(?!.* $)[^<>\*%&:\\\/\?]{1,128}$",
Microsoft.Sql/servers/failoverGroups,SQL Failover Group,UnitDept,"Org,VmRole",,sqlfg,global,1,63,"Lowercase letters, numbers, and hyphens.",Can't start or end with hyphen.,,-,-,,"^(?!-.*)(?!.*-$)[a-z0-9-]{1,63}$",
Microsoft.Sql/servers/firewallRules,SQL Firewall Rule,UnitDept,"Org,VmRole",,sqlfw,server,1,128, ,"Angle brackets, asterisk, percent sign, ampersand, colon, backslash, slash, and question mark. Can't end with period.",<>*%&:;\/?,,.,,"^(?!.*[\.]$)[^<>\*%&:\\\/\?]{1,128}$",
Microsoft.Storage/blob,Storage Account Blob,UnitDept,"Org,VmRole",,,container,1,1024,"Any URL characters, case sensitive.",,,,,,"^[A-Za-z0-9-_\.~]{1,1024}$",
Microsoft.Storage/queue,Storage Account Queue,UnitDept,"Org,VmRole",,,storage account,3,63,"Lowercase letters, numbers, and hyphens.",Can't start or end with hyphen. Can't use consecutive hyphens.,,-,-,-,"^(?!-.*)(?!.*-$)(?!.*-{2}.*)[a-z0-9][a-z0-9-]{2,62}$",
Microsoft.Storage/storageAccounts,Storage Account,UnitDept,"Org,VmRole",,sa,global,3,24,Lowercase letters and numbers.,,,,,,"^[a-z0-9]{3,24}$",
Microsoft.Storage/storageAccounts,Storage Account (Virtual Machine Disks),UnitDept,"Org,VmRole",VM Storage Account,savm,global,3,24,Lowercase letters and numbers.,,,,,,"^[a-z0-9]{3,24}$",
Microsoft.Storage/storageAccounts/blobServices,Storage Account Blob,UnitDept,"Org,VmRole",,,storage account,,,Must be default.,,,,,,/default/,default
Microsoft.Storage/storageAccounts/blobServices/containers,Storage Account Blob Container,UnitDept,"Org,VmRole",,,storage account,3,63,"Lowercase letters, numbers, and hyphens. Start with lowercase letter or number.  ",Can't use consecutive hyphens.,,,,-,"^(?!.*-{2}.*)[a-z0-9][a-z0-9-]{2,62}$",
Microsoft.Storage/storageAccounts/fileServices,Storage Account File,UnitDept,"Org,VmRole",,,storage account,,,Must be default.,,,,,,/default/,default
Microsoft.Storage/storageAccounts/fileServices/shares,Storage Account File Share,UnitDept,"Org,VmRole",,,storage account,3,63,"Lowercase letters, numbers, and hyphens.",Can't start or end with hyphen. Can't use consecutive hyphens.,,-,-,-,"^(?!-.*)(?!.*-$)(?!.*-{2}.*)[a-z0-9][a-z0-9-]{2,62}$",
Microsoft.Storage/storageAccounts/managementPolicies,Storage Account Management Policy,UnitDept,"Org,VmRole",,,storage account,,,Must be default.,,,,,,/default/,default
Microsoft.Storage/table,Storage Account Table,UnitDept,"Org,VmRole",,,storage account,3,63,Alphanumerics. Start with letter.,,,,,,"^[a-zA-Z][a-zA-Z0-9]{2,62}$",
Microsoft.StorageSync/storageSyncServices,Storage Sync Service,UnitDept,"Org,VmRole",,ssss,resource group,1,260,"Alphanumerics, spaces, periods, hyphens, and underscores.",Can't end with period or space.,,,. ,,"^(?!.*[\.]$)(?!.* $)[a-zA-Z0-9_\. -]{1,260}$",
Microsoft.StorageSync/storageSyncServices/syncGroups,Storage Sync Group,UnitDept,"Org,VmRole",,sgrp,storage sync service,1,260,"Alphanumerics, spaces, periods, hyphens, and underscores.",Can't end with period or space.,,,. ,,"^(?!.*[\.]$)(?!.* $)[a-zA-Z0-9_\.- ]{1,260}$",
Microsoft.StorSimple/managers,Stor Simple Manager,UnitDept,"Org,VmRole",,ssm,resource group,2,50,Alphanumerics and hyphens. Start with letter. End with alphanumeric.,,,,,,"^[a-zA-Z][a-zA-Z0-9-]{0,48}[a-zA-Z0-9]$",
Microsoft.StreamAnalytics/cluster,Stream Analytics Cluster,,,,sac,,,,,,,,,,,
Microsoft.StreamAnalytics/streamingjobs,Stream Analytics Job,UnitDept,"Org,VmRole",,sasj,resource group,3,63,"Alphanumerics, hyphens, and underscores.",,,,,,"^[a-zA-Z0-9_-]{3,63}$",
Microsoft.StreamAnalytics/streamingjobs/functions,Stream Analytics Job Function,UnitDept,"Org,VmRole",,sjf,streaming job,3,63,"Alphanumerics, hyphens, and underscores.",,,,,,"^[a-zA-Z0-9_-]{3,63}$",
Microsoft.StreamAnalytics/streamingjobs/inputs,Stream Analytics Job Input,UnitDept,"Org,VmRole",,sjin,streaming job,3,63,"Alphanumerics, hyphens, and underscores.",,,,,,"^[a-zA-Z0-9_-]{3,63}$",
Microsoft.StreamAnalytics/streamingjobs/outputs,Stream Analytics Job Output,UnitDept,"Org,VmRole",,sjout,streaming job,3,63,"Alphanumerics, hyphens, and underscores.",,,,,,"^[a-zA-Z0-9_-]{3,63}$",
Microsoft.StreamAnalytics/streamingjobs/transformations,Stream Analytics Job Transformation,UnitDept,"Org,VmRole",,sjtrf,streaming job,3,63,"Alphanumerics, hyphens, and underscores.",,,,,,"^[a-zA-Z0-9_-]{3,63}$",
Microsoft.Subscription/subscriptions,Subscription,"Org,UnitDept,ProjAppSvc,Instance","ResourceType,VmRole,Location",,sub,tenant,,,,,,,,,,
Microsoft.Synapse/workspaces,Synapse Workspace,,,,synws,,,,,,,,,,,
Microsoft.Synapse/workspaces/sqlPools,Synapse SQL Dedicated Pool,,,Azure Synapse Analytics SQL Dedicated Pool,syndp,,,,,,,,,,,
Microsoft.Synapse/workspaces/sqlPools,Synapse SQL Spark Pool,,,Azure Synapse Analytics Spark Pool,synsp,,,,,,,,,,,
Microsoft.TimeSeriesInsights/environments,Time Series Insights Environment,UnitDept,"Org,VmRole",,tsie,resource group,1,90, ,"Single quote, angle brackets, percent sign, ampersand, colon, backslash, question mark, slash, and number sign.",'<>%&:\?/#,,,,"^[^'<>%&:\\\?\/#]{1,90}$",
Microsoft.TimeSeriesInsights/environments/accessPolicies,Time Series Inights Access Policy,UnitDept,"Org,VmRole",,tsiea,environment,1,90, ,"Single quote, angle brackets, percent sign, ampersand, colon, backslash, question mark, slash, and number sign.",'<>%&:\?/#,,,,"^[^'<>%&:\\\?\/#]{1,90}$",
Microsoft.TimeSeriesInsights/environments/eventSources,Time Series Insights Event Sources,UnitDept,"Org,VmRole",,tsiee,environment,1,90, ,"Single quote, angle brackets, percent sign, ampersand, colon, backslash, question mark, slash, and number sign.",<>%&:\?/#,,,,"^[^'<>%&:\\\?\/#]{1,90}$",
Microsoft.TimeSeriesInsights/environments/referenceDataSets,Time Series Insights Reference Data Set,UnitDept,"Org,VmRole",,tsier,environment,3,63,Alphanumerics,,,,,,"^[a-zA-Z0-9]{3,63}$",
Microsoft.Web/certificates,Web Certificate,UnitDept,"Org,VmRole",,wbcer,resource group,1,260, ,Slash,/,,,,"^((?!\\\/).){1,260}$",
Microsoft.Web/serverfarms,Web Server Farm,UnitDept,"Org,VmRole",,wbsvf,resource group,1,40,Alphanumerics and hyphens.,,,,,,"^[a-zA-Z0-9-]{1,40}$",
Microsoft.Web/sites,Web Site (App Service Environment),UnitDept,"Org,VmRole",App Service Environment,ase,global,2,60,Contains alphanumerics and hyphens.,Can't start or end with hyphen.,,-,-,,"^[a-zA-Z0-9][a-zA-Z0-9-]{0,58}[a-zA-Z0-9]$",
Microsoft.Web/sites,Web Site (Azure Static Web App),UnitDept,"Org,VmRole",Azure Static Web Apps,aswba,global,2,60,Contains alphanumerics and hyphens.,Can't start or end with hyphen.,,-,-,,"^[a-zA-Z0-9][a-zA-Z0-9-]{0,58}[a-zA-Z0-9]$",
Microsoft.Web/sites,Web Site (Function App),UnitDept,"Org,VmRole",Function App,func,global,2,60,Contains alphanumerics and hyphens.,Can't start or end with hyphen.,,-,-,,"^[a-zA-Z0-9][a-zA-Z0-9-]{0,58}[a-zA-Z0-9]$",
Microsoft.Web/sites,Web Site (Static Web App),UnitDept,"Org,VmRole",Static Web App,wsite,global,2,60,Contains alphanumerics and hyphens.,Can't start or end with hyphen.,,-,-,,"^[a-zA-Z0-9][a-zA-Z0-9-]{0,58}[a-zA-Z0-9]$",
Microsoft.Web/sites,Web Site (Web App),UnitDept,"Org,VmRole",Web App,wapp,global,2,60,Contains alphanumerics and hyphens.,Can't start or end with hyphen.,,-,-,,"^[a-zA-Z0-9][a-zA-Z0-9-]{0,58}[a-zA-Z0-9]$",
Microsoft.Web/sites/slots,Web Site Slot,UnitDept,"Org,VmRole",,slot,site,2,60,Alphanumerics and hyphens.,,,,,,"^[a-zA-Z0-9-]{2,60}$",
